sample,farm,month,species,Acer,Achillea.millefolium,Aesculus.hippocastanum,Agapanthus,Agrostis.stolonifera,Ailanthus.altissima,Ajuga,Ajuga.reptans,Allium,Alopecurus.pratensis,Althaea.officinalis,Amaryllidaceae,Anemone,Anthriscus.sylvestris,Anthyllis.vulneraria,Antirrhinum.majus,Apiaceae,Artemisia,Asparagaceae,Asphodelaceae,Asteraceae,Astilbe,Bartsia,Begonia,Berberis,Betulaceae,Boraginaceae,Brassica,Brassicaceae,Buddleja.davidii,Camellia,Caprifoliaceae,Cardamine,Caricaceae,Caryophyllaceae,Castanea.sativa,Centaurea.nigra,Cerastium,Chenopodiaceae,Chenopodium,Citrus,Clematis,Convallaria.majalis,Convolvulaceae,Convolvulus.arvensis,Cornus,Corylus.avellana,Crassulaceae,Crataegus.monogyna,Crepis.capillaris,Cucurbita,Cucurbitaceae,Cynareae,Davidia.involucrata,Epilobium,Ericaceae,Eucalyptus,Euphorbia,Euphorbiaceae,Fabaceae,Fabeae,Fallopia,Festuca,Ficaria.verna,Filipendula.ulmaria,Foeniculum.vulgare,Forsythia,Fragaria,Fraxinus,Fuchsia,Gaillardia.aristata,Glechoma.hederacea,Hamamelis.mollis,Hedera.helix,Helleborus.orientalis,Holcus.lanatus,Hyacinthaceae,Hyacinthoides.non-scripta,Hydrangea,Hypericum,Hypericum.androsaemum,Hyssopus.officinalis,Ilex.aquifolium,Impatiens.glandulifera,Iridaceae,Juncus,Juniperus.communis,Lactuca.sativa,Lamiaceae,Lamium,Lathyrus,Laurus.nobilis,Lavandula.angustifolia,Lepidium.campestre,Ligustrum,Linaria.vulgaris,Lobularia.maritima,Lolium,Lonicera,Lotus,Lotus.corniculatus,Lupinus.luteus,Malus,Malvaceae,Melilotus,Mentha,Mentha.spicata,Mentheae,Menyanthes.trifoliata,Mercurialis,Myrtaceae,Myrtus.communis,Narcissus,Nerium.oleander,Oenothera,Olea.europaea,Oleaceae,Onobrychis.viciifolia,Ononis.repens,Origanum.vulgare,Orobanchaceae,Oxalidaceae,Papaver,Papaveraceae,Paulownia.tomentosa,Pericallis.hybrida,Pinus,Plantago,Platanus,Poa,Poaceae,Populus,Potentilla,Primula.veris,Prunella,Prunus,Quercus,Ranunculaceae,Ranunculus,Raphanus,Rheum.palmatum,Rhinanthus.minor,Rhododendron,Ribes,Rosa,Rosaceae,Rubus,Salicaceae,Salix,Salvia,Sambucus.nigra,Sapindaceae,Scrophulariaceae,Scutellaria,Scutellaria.galericulata,Silene,Solanaceae,Solanum,Solidago,Sonchus,Sorbus,Sparganium.emersum,Stachys,Stellaria,Syringa.vulgaris,Taraxacum.officinale,Teucrium,Tilia,Trifolium,Trifolium.pratense,Trifolium.repens,Typha.latifolia,Ulmus,Urtica.dioica,Veronica,Viburnum,Vicia,Viola
B-E-005_S29,B,April,Bombus.terrestris,0,0,0,0,0,0,0,0,0,0,0,0,0,0,0,0,0,0,0,0,0.013799901,0,0,0,0,0,0,0,0,0,0,0,0,0,0,0,0,0,0,0,0,0,0,0,0,0,0,0,0,0,0,0,0,0,0,0,0,0,0,0,0,0,0,0,0,0,0,0,0,0,0,0,0,0,0,0,0,0,0,0,0,0,0,0,0,0,0,0,0,0.030064071,0,0,0,0,0,0,0,0,0,0,0,0,0.011828487,0,0,0,0,0,0,0,0,0,0,0,0,0,0,0,0,0,0,0,0,0,0,0,0,0,0,0,0,0,0,0.046328241,0,0.808279941,0,0,0,0,0,0,0,0,0,0,0,0,0,0,0,0,0,0,0,0,0,0,0,0,0,0,0,0,0,0.082799409,0,0,0,0,0,0,0,0,0,0,0,0
B-E-012b_S37,B,April,Bombus.terrestris,0,0,0,0,0,0,0,0,0,0,0,0,0,0,0,0,0,0,0,0,0.008145482,0,0,0,0,0,0,0,0,0,0,0,0,0,0,0,0,0,0,0,0,0,0,0,0,0,0,0,0,0,0,0,0,0,0,0,0,0,0,0,0,0,0,0,0,0,0,0,0.001212351,0,0,0,0,0,0,0,0,0,0,0,0,0,0,0,0,0,0,0,0,0,0,0,0,0,0,0,0,0,0,0,0.000416746,0.001136579,0,0,0,0,0,0,0.003409737,0.00037886,0,0,0,0,0,0,0,0,0,0,0,0,0,0,0,0,0,0,0,0,0,0,0,0,0,0.01689714,0,0,0,0,0,0,0,0,0,0,0,0,0.003144535,0,0,0,0,0,0,0,0,0,0,0,0,0,0,0,0,0.957416177,0,0,0,0,0,0,0,0,0,0,0,0.007425649
B-E-021_S45,B,April,Bombus.hypnorum,0,0,0,0,0,0,0,0,0,0,0.001049577,0,0,0,0,0,0,0,0,0,0.072359079,0,0,0,0,0,0,0,0,0,0,0,0,0,0,0,0,0,0,0,0,0,0,0,0,0,0,0,0,0,0,0,0.000710008,0,0,0,0,0,0,0,0,0,0,0,0,0,0,0,0.000648268,0,0,0,0,0,0,0,0,0,0,0,0,0,0,0,0,0,0,0.000555658,0,0.004476138,0,0,0,0,0,0,0,0,0,0,0,0,0,0,0,0,0,0,0.001358276,0,0,0,0,0,0,0,0,0,0,0,0,0,0,0,0,0,0,0,0,0,0,0.000339569,0,0,0,0.002623943,0,0,0,0,0,0,0,0,0,0,0,0.001512626,0.443291968,0,0,0,0,0,0,0,0,0,0.000833488,0,0,0,0,0,0,0.466475273,0,0,0,0,0.000740878,0,0,0,0,0,0,0
B-E-022_S53,B,April,Bombus.lapidarius,0,0,0,0,0,0,0,0,0,0,0,0,0,0,0,0,0,0,0,0,0.002358686,0,0,0,0,0,0,0,0,0,0,0,0,0,0,0,0,0,0,0,0,0,0,0,0,0,0,0,0,0,0,0,0,0,0,0,0,0,0,0,0,0,0,0,0,0,0,0,0,0,0,0,0,0,0,0,0,0,0,0,0,0,0,0,0,0,0,0,0,0,0,0,0,0,0,0,0,0,0,0,0,0,0,0,0,0,0,0,0,0,0,0,0,0,0,0,0,0,0,0,0,0,0,0,0,0,0,0,0,0,0,0,0,0,0,0.003227675,0,0,0,0,0,0,0,0,0,0,0.001241414,0,0,0,0,0,0,0,0,0,0,0,0,0,0,0,0,0,0,0.993172225,0,0,0,0,0,0,0,0,0,0,0,0
B-E-025_S61,B,April,Bombus.pascuorum,0,0,0,0.00242074,0,0,0,0,0,0,0,0.013196939,0,0,0,0,0,0,0.00242074,0,0,0,0,0,0,0,0,0.088474153,0,0,0.000780884,0,0,0,0,0,0,0,0,0,0,0,0,0,0,0,0,0,0.002030298,0,0,0,0,0.001249414,0,0,0,0,0,0.001874122,0,0,0,0,0,0,0,0,0.02483211,0,0,0,0,0,0,0,0,0.086131501,0,0,0,0,0,0,0,0,0,0,0.031001093,0.446899891,0,0,0,0,0,0,0,0,0,0,0,0,0,0,0,0,0,0.009136342,0,0.002498829,0,0,0.063642043,0,0,0,0.005310011,0,0,0,0,0,0,0,0,0,0,0,0,0.001093238,0,0,0,0.032719038,0,0.156801499,0,0,0,0,0,0,0,0,0,0,0.001874122,0,0,0,0,0,0,0,0,0,0,0,0,0,0,0,0.001015149,0,0,0.000858972,0,0,0,0,0,0,0,0,0,0,0,0
B-E-033_S69,B,April,Bombus.terrestris,0.006499929,0,0.002731854,0,0,0,0,0,0,0,0,0,0,0,0,0,0,0,0,0,0.010362206,0,0,0,0.035231501,0,0,0,0,0,0,0,0,0,0,0,0,0,0,0,0,0,0,0,0,0,0,0,0,0,0,0,0.000471009,0,0,0,0,0,0,0,0,0,0,0,0,0,0,0,0.000894918,0,0,0,0,0,0,0,0,0.001177523,0,0,0,0,0,0,0,0,0,0,0,0,0,0,0,0,0,0,0,0,0,0,0,0,0,0,0,0,0,0,0.002543451,0,0,0,0,0,0,0,0,0,0,0,0,0,0,0,0,0,0,0,0,0,0,0,0,0,0,0.029485187,0,0,0,0,0,0,0,0,0,0,0,0,0.000565211,0,0,0,0,0,0,0,0,0,0,0,0,0,0,0,0,0.907493759,0,0,0,0,0.001460129,0,0,0,0,0,0,0
B-E-051_S77,B,April,Bombus.pascuorum,0,0,0,0,0,0,0,0,0,0,0,0,0,0,0,0,0,0,0,0,0.002468729,0,0,0,0,0,0,0,0,0,0,0,0,0,0,0,0,0,0,0,0,0,0,0,0,0,0,0,0.001528261,0,0,0,0.000305652,0,0,0,0,0,0,0,0,0,0,0,0,0,0,0,0,0,0,0,0,0,0,0,0,0,0,0,0,0,0,0,0,0,0,0,0,0,0,0,0,0,0,0,0,0,0,0,0,0,0.000658328,0,0,0,0,0,0,0,0,0,0,0,0,0,0,0,0,0,0,0,0,0,0,0,0,0,0,0,0,0,0,0,0,0,0,0,0,0,0,0,0,0,0,0,0,0,0,0,0,0,0,0,0,0,0,0,0,0,0,0,0,0,0,0.994780401,0,0,0,0,0.000258629,0,0,0,0,0,0,0
B-E-052_S85,B,April,Bombus.lapidarius,0.000711275,0,0.000316122,0,0,0,0,0,0,0,0,0,0,0,0,0,0,0,0,0,0.003003161,0,0,0,0,0,0,0,0,0,0,0,0,0,0,0,0,0,0,0,0,0,0,0,0,0,0,0,0,0,0,0,0,0,0,0,0,0,0,0,0,0,0,0,0,0,0,0,0,0,0,0,0,0,0,0,0,0.001527924,0,0,0,0,0,0,0,0,0,0,0,0,0,0,0,0,0,0,0,0,0,0,0,0,0,0,0,0,0,0,0,0,0,0,0,0,0,0,0,0,0,0,0,0,0,0,0,0,0,0,0,0,0,0,0,0,0,0.005716544,0,0,0,0,0,0,0,0,0,0,0,0,0,0,0,0,0,0,0,0,0,0,0,0,0,0,0,0,0,0.987223393,0,0,0,0,0.001501581,0,0,0,0,0,0,0
B-E-053_S93,B,April,Bombus.terrestris,0.025670373,0,0.00793002,0,0,0,0,0,0,0,0.000899281,0,0,0,0,0,0,0,0,0,0.001553303,0.004332897,0,0,0,0,0,0.00645847,0,0,0,0,0,0,0,0,0,0,0,0,0,0,0,0,0,0,0,0,0.001716808,0,0,0,0,0,0,0,0.008011772,0,0,0,0,0,0,0,0,0,0,0.000817528,0.001880314,0,0,0,0.00498692,0,0,0,0,0,0,0,0,0,0,0,0,0,0,0,0,0,0,0,0,0,0,0,0,0,0,0.00147155,0,0,0,0,0,0,0,0,0.001716808,0,0.001062786,0,0,0,0,0,0,0,0,0,0,0,0,0,0,0,0,0,0,0,0,0,0,0,0,0.277795945,0,0,0,0,0,0,0,0.590990844,0,0,0,0,0.000981033,0,0,0.001880314,0,0,0,0,0,0,0,0,0,0,0,0,0,0.036788751,0,0.000817528,0,0,0.003351864,0,0,0,0,0,0,0
B-E-054_S6,B,April,Bombus.pascuorum,0,0,0,0,0,0,0,0,0.00193218,0,0,0,0,0,0,0,0,0,0,0,0.004733842,0.001738962,0,0,0,0,0,0,0,0,0,0,0,0,0,0,0,0,0,0,0,0,0,0,0,0,0,0,0,0,0,0,0.004830451,0,0,0,0.003574534,0,0,0,0,0,0,0,0,0,0,0.034972466,0,0,0,0,0,0,0,0,0,0,0,0,0,0,0,0,0,0,0,0,0.006376196,0.034006376,0,0,0,0,0,0,0,0,0,0,0,0,0,0,0,0,0,0,0.016230316,0,0,0,0,0,0,0,0,0,0,0,0,0,0,0,0,0,0,0,0,0,0,0,0,0,0,0.022026857,0,0,0,0,0,0,0,0.326731717,0,0.005603323,0,0,0,0,0,0,0,0,0,0,0,0,0,0.001545744,0,0,0,0,0,0.53115641,0,0,0,0,0,0,0,0,0,0,0,0
B-E-055_S14,B,April,Bombus.pascuorum,0.001630656,0,0,0,0,0,0,0,0.002547901,0,0,0,0,0,0,0,0,0,0,0,0.004790053,0,0,0,0,0,0.109355891,0,0,0,0,0,0,0,0,0,0,0,0,0,0,0,0,0,0,0,0,0,0,0,0,0,0,0,0,0,0,0,0,0,0,0,0,0,0,0,0,0,0,0,0,0,0,0,0.726355483,0,0,0,0,0,0,0,0,0,0,0,0,0,0,0,0,0,0,0,0,0,0,0,0,0,0,0,0,0,0,0,0,0,0.00152874,0,0,0,0,0,0,0,0,0,0,0,0,0,0,0,0,0,0,0,0,0,0,0,0,0,0,0,0,0,0,0,0,0,0,0,0,0,0.002649817,0,0,0,0,0.001121076,0,0,0,0,0,0,0,0,0,0,0,0,0,0.147064819,0,0,0,0,0,0,0,0,0,0.001732572,0,0
B-E-056_S22,B,April,Bombus.pascuorum,0,0,0,0,0,0,0,0,0.362851095,0,0,0,0,0,0,0,0,0,0.005720497,0,0.003775528,0,0,0,0,0,0,0,0,0,0,0,0,0,0,0,0,0,0,0,0,0,0,0,0,0,0,0,0,0,0,0,0,0,0,0,0,0,0,0,0,0,0,0,0,0,0,0,0,0,0,0,0,0,0,0,0,0.000972484,0,0,0,0,0,0,0,0,0,0,0,0.000858074,0,0,0,0,0,0,0,0,0,0,0,0,0,0,0,0,0,0,0.002631428,0.00068646,0,0,0,0,0,0,0,0,0,0,0,0,0,0,0,0,0,0,0,0,0,0,0,0,0,0.000858074,0,0,0,0,0,0,0,0,0,0,0,0,0,0,0,0,0,0,0,0,0,0,0,0,0,0,0,0,0,0.613866484,0,0,0,0,0.001315714,0,0,0,0,0,0,0
B-E-065b_S30,B,April,Bombus.pascuorum,0,0,0,0,0,0,0,0,0,0,0,0,0,0,0,0,0,0,0,0,0.003410014,0,0,0,0,0,0,0,0,0,0,0,0,0,0,0,0,0,0,0,0,0,0,0,0,0,0,0,0,0,0,0,0.003166441,0,0,0,0,0,0,0,0,0,0,0,0,0,0,0,0,0,0,0,0,0,0,0,0,0,0,0,0,0,0,0,0,0,0,0,0,0,0,0,0,0,0,0,0,0,0,0,0,0,0,0,0,0,0,0,0,0.000568336,0,0,0,0,0,0,0,0,0,0,0,0,0,0,0,0,0,0,0,0,0,0,0,0,0,0.003464141,0,0,0,0,0,0,0,0,0,0,0,0,0,0,0,0,0,0,0,0,0,0,0,0,0,0,0,0,0,0.989391069,0,0,0,0,0,0,0,0,0,0,0,0
EM-E-009_S38,EM,April,Bombus.lapidarius,0,0,0,0,0,0,0,0,0,0,0,0,0,0,0,0,0,0,0,0,0.002413217,0,0,0,0,0,0,0,0,0,0,0,0,0,0,0,0,0,0,0,0,0,0,0,0,0,0,0,0,0,0,0,0.001378981,0,0,0,0,0,0,0,0,0,0,0,0,0,0,0,0,0,0,0,0,0,0,0,0,0,0,0,0,0,0,0,0,0,0,0,0,0,0,0,0,0,0,0,0,0,0,0,0,0,0,0,0,0,0,0,0,0,0,0,0,0,0,0,0,0,0,0,0,0,0,0,0,0,0,0,0,0,0,0,0,0,0,0,0,0,0,0,0,0,0,0,0,0,0,0,0,0,0,0,0,0,0,0,0,0,0,0,0,0,0,0,0,0.995200085,0,0,0,0,0.001007717,0,0,0,0,0,0,0
EM-E-011_S46,EM,April,Bombus.lapidarius,0,0,0,0,0,0,0,0,0,0,0,0,0,0,0,0,0,0,0,0,0.003877276,0,0,0,0,0,0,0,0,0,0,0,0,0,0,0,0,0,0,0,0,0,0,0,0,0,0,0,0,0,0,0,0.000561924,0,0,0,0,0,0,0,0,0,0,0,0,0,0,0,0,0,0,0,0,0,0,0,0,0,0,0,0,0,0,0,0,0,0,0,0,0,0,0,0,0,0,0,0,0,0,0,0,0,0,0,0,0,0,0,0,0,0,0,0,0,0,0,0,0,0,0,0,0,0,0,0,0,0,0,0,0,0,0,0,0,0,0.006012587,0,0,0,0,0,0,0,0,0,0,0.001011463,0,0,0,0,0,0,0,0,0,0,0,0,0,0,0,0,0,0,0.98853675,0,0,0,0,0,0,0,0,0,0,0,0
EM-E-015_S54,EM,April,Bombus.pascuorum,0,0,0,0,0,0,0,0,0,0,0,0,0,0,0,0,0,0,0,0,0.036997423,0,0,0,0,0.000729253,0,0,0,0,0.112791093,0,0.000826486,0,0,0,0,0,0,0,0,0,0,0,0,0,0,0,0,0,0,0,0.000583402,0,0,0,0,0,0,0,0,0,0,0.011279109,0,0,0,0,0.003451796,0,0,0,0,0,0,0,0,0,0,0,0,0,0,0,0,0,0,0,0,0.000972337,0,0,0,0,0,0,0,0,0,0,0,0,0,0,0,0,0,0,0.011765278,0,0,0,0,0,0,0.000534785,0,0,0,0,0,0,0,0,0,0,0,0,0,0,0,0,0,0,0,0.052360348,0,0,0,0,0,0,0,0,0,0,0.000534785,0,0,0,0,0,0,0,0,0,0,0,0,0,0,0,0,0,0,0.761388497,0,0,0,0,0.002576693,0,0,0,0,0.001069571,0,0
EM-E-026_S62,EM,April,Bombus.terrestris,0,0,0,0,0,0,0,0,0.002252827,0,0,0,0,0,0,0,0,0,0,0,0.008841282,0,0,0,0,0,0.026353821,0,0,0,0,0,0.000637592,0.000595086,0.001232679,0,0,0,0,0,0,0,0,0,0,0,0,0,0,0,0,0,0.005185752,0,0,0,0,0,0,0,0,0,0,0,0,0,0,0.001147666,0.00165774,0,0,0,0,0,0,0,0,0,0,0,0,0,0,0,0,0,0,0,0,0.006290912,0,0,0,0,0,0,0,0,0,0,0,0,0,0,0,0,0,0,0.010711553,0,0,0,0,0,0,0,0,0,0,0,0,0,0,0.000722605,0,0,0,0,0,0,0,0,0,0,0,0,0,0,0,0,0,0,0,0,0,0,0,0,0.00110516,0,0,0,0,0,0,0,0,0,0.000467568,0,0,0,0,0,0,0.875839497,0,0,0,0,0.000637592,0,0,0,0,0,0,0.055300519
EM-E-038_S70,EM,April,Bombus.lapidarius,0,0,0,0,0,0,0,0,0,0,0,0,0,0,0,0,0,0,0,0,0.005595658,0,0,0,0,0.005763528,0,0.277096973,0,0,0,0,0,0.001902524,0,0,0,0,0,0,0,0,0,0,0,0,0.000895305,0,0,0,0,0,0,0,0,0,0,0,0,0,0,0,0,0,0,0,0,0.00604331,0.026747244,0,0,0,0,0,0,0,0,0,0,0,0,0,0,0,0,0,0,0,0,0,0,0,0,0,0,0,0,0,0,0,0,0,0,0,0,0,0,0,0.010407923,0,0,0,0.000727436,0,0,0.001063175,0.002574003,0,0,0,0,0,0,0,0,0,0,0,0,0,0,0,0,0,0,0.225281182,0,0,0,0,0,0,0,0,0,0,0,0,0.001007218,0,0,0,0,0,0,0,0,0,0.000895305,0,0,0,0,0,0,0.426668905,0,0,0,0.000671479,0.003357395,0,0,0,0,0,0,0
EM-E-039_S78,EM,April,Bombus.terrestris,0,0,0,0,0,0,0,0,0,0,0,0,0,0,0,0,0,0,0,0,0.004868799,0,0,0,0,0,0,0,0,0,0,0,0,0,0,0,0,0,0,0,0,0,0,0,0,0,0,0,0,0,0,0,0.000384379,0,0,0,0,0,0,0,0,0,0,0.003100656,0,0,0,0.022422099,0,0,0,0,0,0,0,0,0,0,0,0,0,0,0,0,0,0,0,0,0,0,0,0,0,0,0,0,0,0,0,0,0,0,0,0,0,0,0,0,0.003382534,0,0,0,0,0,0,0,0,0,0,0,0,0,0,0,0,0,0,0,0,0,0,0,0,0,0,0.156134686,0,0,0,0,0,0,0,0,0,0.000256253,0,0,0.001306888,0,0,0,0,0,0,0,0,0,0,0.002613776,0,0,0,0,0,0.803454285,0,0,0,0,0.000999385,0,0,0.000410004,0,0,0,0
EM-E-041_S86,EM,April,Bombus.lapidarius,0,0,0.011753418,0,0,0,0,0,0,0,0.001888942,0,0,0,0,0,0,0,0,0,0.009174862,0,0,0,0,0,0,0,0,0,0.00083953,0,0,0,0,0,0,0,0,0,0,0.015111538,0,0,0,0,0,0,0,0,0,0,0,0,0,0.015771168,0,0,0,0,0,0,0,0,0,0,0,0,0,0,0,0,0,0,0,0,0,0,0,0,0,0,0,0,0,0,0,0,0,0,0,0,0,0,0,0,0,0,0,0,0,0,0.000479731,0,0,0,0,0,0.012862797,0,0,0,0,0,0,0,0,0,0,0,0,0,0,0,0,0,0,0,0,0,0,0,0,0,0,0.037748861,0,0,0,0,0,0,0.264242024,0,0,0,0,0,0,0,0,0.000539698,0,0,0,0,0,0,0.000419765,0,0,0,0,0,0,0.607969537,0,0,0,0,0.000929479,0,0,0,0,0.002128808,0,0
EM-E-049_S94,EM,April,Bombus.terrestris,0,0,0,0,0,0,0,0,0.000472497,0,0,0,0,0,0,0,0,0,0,0,0.002795606,0,0,0,0,0,0,0,0,0,0,0,0,0,0,0,0,0,0,0,0,0,0,0,0,0,0,0,0,0,0,0,0.000472497,0,0,0,0,0,0,0,0,0,0,0,0,0,0,0,0,0,0,0,0,0,0,0,0,0,0,0,0,0,0,0,0,0,0,0,0,0,0,0,0,0,0,0,0,0,0,0,0,0,0,0,0,0,0,0,0,0,0,0,0,0,0,0,0,0,0,0,0,0,0,0,0,0,0,0,0,0,0,0,0,0,0,0,0,0,0,0,0,0,0,0,0,0,0,0,0,0,0,0,0,0,0,0,0,0,0,0,0,0,0,0,0,0.994566287,0,0,0,0,0.001693113,0,0,0,0,0,0,0
EM-E-050_S7,EM,April,Bombus.terrestris,0.025833702,0,0.007759933,0,0,0,0,0,0.110554491,0,0,0,0,0,0,0,0,0,0.001326065,0,0.004960464,0,0,0,0,0,0,0,0,0,0,0,0,0,0,0,0,0,0,0,0,0,0,0,0,0,0,0,0.002111881,0,0,0,0,0,0,0,0,0,0,0,0,0,0,0,0,0,0,0,0,0,0,0,0,0,0,0,0,0,0,0,0,0,0,0,0,0,0,0,0,0,0,0,0,0,0,0,0,0,0,0,0,0,0.035607288,0,0,0,0,0,0.005451599,0,0,0,0,0,0,0,0,0,0,0,0,0,0,0,0,0,0,0,0,0,0,0,0,0,0,0,0.005697166,0,0,0,0,0,0,0,0,0,0,0,0.000736703,0,0,0.000785816,0,0,0,0,0,0,0,0,0,0,0,0,0,0.791022052,0,0,0,0,0.001129611,0,0,0,0,0,0,0
EM-E-055_S15,EM,April,Bombus.hypnorum,0.335362262,0,0,0,0,0,0,0,0.219713332,0,0,0,0,0,0,0,0,0,0.017474966,0,0,0,0,0,0,0,0,0,0,0,0,0,0,0,0,0,0,0,0,0,0,0,0.002748871,0,0,0,0,0,0.021990968,0,0,0,0,0,0,0,0,0,0,0,0,0,0,0,0,0,0,0,0,0,0,0,0,0,0,0,0,0.336736697,0,0,0,0,0,0,0,0,0,0,0,0,0,0,0,0,0,0,0,0,0,0,0,0,0,0,0,0,0,0,0,0,0,0,0,0,0,0,0,0,0,0,0,0,0,0,0,0,0,0,0,0,0,0,0,0,0,0,0,0,0,0,0,0,0,0,0,0,0.005497742,0,0,0,0,0.003337915,0,0,0,0,0,0,0,0,0,0,0,0,0,0,0,0,0,0,0,0,0,0,0,0,0,0
EM-E-056_S23,EM,April,Bombus.hypnorum,0.012367083,0,0,0,0,0,0,0,0.448913546,0,0,0,0,0,0,0,0,0,0.007975035,0,0,0,0,0,0,0,0,0,0,0,0,0,0,0,0,0,0,0,0,0,0,0,0,0,0,0,0,0,0.003467406,0,0,0,0,0,0,0,0,0,0,0,0,0,0,0,0,0,0,0,0,0,0,0,0,0,0,0,0,0.013522885,0,0,0,0,0,0,0,0,0,0,0,0,0,0,0,0,0,0,0,0,0,0,0,0,0.001271382,0,0,0,0,0,0,0,0,0,0,0,0,0,0,0,0,0,0,0,0,0,0,0,0,0,0,0,0,0,0,0,0,0,0,0,0,0,0,0,0,0,0,0,0,0,0,0,0,0,0,0,0,0,0,0,0,0,0.484281091,0,0,0,0,0,0,0,0,0,0.00543227,0,0,0,0,0,0,0
EM-E-063_S39,EM,April,Bombus.hortorum,0,0,0,0,0,0,0,0,0.103135593,0,0,0,0,0,0,0,0,0,0.014491525,0,0,0,0,0,0,0,0,0,0,0,0,0,0,0,0,0,0,0,0,0,0,0,0,0,0,0,0,0,0,0,0,0,0,0,0,0,0,0,0,0,0,0,0,0.001186441,0,0,0,0,0.00440678,0,0,0,0,0,0,0,0.000847458,0.84940678,0,0,0,0,0,0,0,0,0,0,0,0,0,0,0,0,0,0,0,0,0,0,0,0,0,0,0,0,0,0,0,0,0,0,0,0,0,0,0.001694915,0,0,0,0,0,0,0,0,0,0,0,0,0,0,0,0,0,0,0,0.008305085,0,0,0,0,0,0,0,0,0,0,0,0,0,0,0,0,0,0,0,0,0,0,0,0,0,0,0,0,0.001016949,0,0,0,0,0,0,0,0,0,0,0,0
EM-E-064_S47,EM,April,Bombus.pascuorum,0,0,0,0,0,0,0,0,0.476535002,0,0,0,0,0,0,0,0,0,0.008212749,0,0,0,0,0,0,0,0,0.004301916,0,0,0,0,0,0,0,0,0,0,0,0,0,0,0,0,0,0,0,0,0,0,0,0,0,0,0,0,0,0,0,0,0,0,0,0,0,0,0,0,0,0,0,0,0,0,0,0,0,0.003617521,0,0,0,0,0.005572937,0,0.001075479,0,0,0,0.023367227,0.417383653,0,0,0,0,0,0,0,0,0,0,0,0,0,0,0,0,0,0,0,0,0,0,0,0,0,0,0,0,0,0,0,0,0,0,0,0,0,0.001075479,0,0,0,0,0,0,0,0,0,0,0,0,0,0,0,0,0,0,0,0,0,0,0,0,0,0,0,0,0,0,0,0,0,0,0.000977708,0,0,0.045756746,0,0,0,0,0.001271021,0,0,0,0,0,0,0
EM-E-066_S55,EM,April,Bombus.pascuorum,0,0,0,0,0,0,0,0,0.079936118,0,0,0,0,0,0,0,0,0,0.000924603,0,0.006051946,0,0,0,0,0,0,0,0,0,0,0,0,0,0,0,0,0,0,0,0,0,0,0,0,0,0,0,0.001092712,0,0,0,0,0,0,0,0,0,0,0,0,0,0,0,0,0,0,0,0.006556275,0,0,0,0,0,0,0,0,0.00420274,0,0,0,0,0,0,0,0,0,0,0.011011179,0.183239472,0,0,0,0,0,0,0,0,0,0,0,0,0.002773809,0,0,0,0,0,0.000840548,0,0,0,0,0,0,0,0,0,0,0,0,0,0,0,0,0,0,0,0,0,0,0,0,0,0,0,0,0,0,0,0,0,0,0,0,0,0.001597041,0,0,0,0,0,0,0,0,0,0,0,0.001008658,0,0,0,0,0,0,0.696478104,0,0,0,0,0,0,0,0,0,0,0,0
EM-E-067_S63,EM,April,Bombus.terrestris,0.000872347,0,0.013201512,0,0,0,0,0,0.913172434,0,0,0,0,0,0,0,0,0,0.013666764,0,0,0,0,0,0,0,0,0,0,0,0,0,0,0,0,0,0,0,0,0,0,0,0,0,0,0,0,0,0,0,0,0,0.001279442,0,0,0,0,0,0,0,0,0,0,0,0,0,0,0,0.002093632,0,0,0,0,0,0,0,0,0.012619948,0,0,0,0,0,0,0,0,0,0,0,0,0,0,0,0,0,0,0,0,0,0,0,0,0.003780169,0,0,0,0,0,0,0,0,0,0,0,0,0,0,0,0,0,0,0,0,0,0,0,0,0,0,0,0,0,0,0,0,0.022099448,0.00785112,0,0,0,0,0,0,0,0,0,0.000930503,0,0,0,0,0,0,0,0,0,0,0,0,0,0,0,0,0,0,0,0,0,0,0.00180285,0,0,0,0,0,0,0,0
EM-E-068_S71,EM,April,Bombus.terrestris,0.004609357,0,0,0,0,0,0,0,0.499884766,0,0,0,0,0,0,0,0,0,0.007951141,0,0,0,0,0,0,0,0,0,0,0,0,0,0,0,0,0,0,0,0,0,0,0,0,0,0,0,0,0,0,0,0,0,0,0,0,0,0,0,0,0,0,0,0,0,0,0,0,0,0,0,0,0,0,0,0,0,0,0,0,0,0,0,0,0,0,0,0,0,0,0,0,0,0,0,0,0,0,0,0,0,0,0,0,0,0,0,0,0,0,0,0,0,0,0,0,0,0,0,0,0,0,0,0,0,0,0,0,0,0.002016594,0,0,0,0,0,0,0.005704079,0.464277483,0,0,0,0,0,0,0,0,0,0,0,0,0,0,0,0,0,0,0,0,0,0,0,0,0,0,0,0,0.001094722,0,0,0,0,0,0,0,0,0,0,0,0
EM-E-069_S79,EM,April,Bombus.lapidarius,0,0,0,0,0,0,0,0,0.577648336,0,0,0,0,0,0.00138217,0,0,0,0.006960213,0.000641722,0,0,0,0,0,0,0,0.002961793,0,0,0,0,0,0,0,0,0,0,0,0,0,0,0,0,0,0,0,0,0,0,0,0,0,0,0,0,0,0,0,0.39204265,0,0,0,0,0,0,0,0,0.000592359,0,0,0,0,0,0,0,0,0,0,0,0,0,0,0,0,0,0,0,0,0,0,0,0,0,0,0,0,0,0,0,0,0.004590779,0,0,0,0,0,0,0,0,0,0,0,0,0,0,0,0,0,0,0,0,0,0,0,0,0,0,0,0,0,0,0,0,0,0.008786652,0,0,0,0,0,0,0,0,0,0,0,0,0,0,0,0,0,0,0,0,0,0,0,0,0,0,0,0,0,0.001431533,0,0,0,0,0.001431533,0,0,0,0,0,0,0
EM-E-070_S87,EM,April,Bombus.pascuorum,0,0,0,0,0,0,0,0,0.905196257,0,0,0,0,0,0,0,0,0,0.011710704,0,0,0,0,0,0,0,0,0,0,0,0,0,0,0,0,0,0,0,0,0,0,0,0.000706173,0,0,0,0,0,0.007002884,0,0,0,0,0,0,0,0,0,0,0,0,0,0,0,0,0,0,0,0,0,0,0,0,0,0,0,0,0.002059672,0,0,0,0,0.000706173,0,0,0,0,0,0,0,0,0,0,0,0,0,0,0,0.00158889,0,0,0,0.01471194,0,0,0,0,0,0,0,0,0,0,0,0,0,0,0,0,0,0,0,0,0,0,0,0,0,0,0,0,0,0,0,0,0,0,0,0,0,0,0,0,0,0,0,0,0,0,0,0,0,0,0,0,0,0,0,0,0,0.015300418,0,0,0,0,0.029365033,0,0,0,0,0.00235391,0,0,0,0,0,0,0.002648149
EM-E-071_S95,EM,April,Bombus.terrestris,0.016611701,0,0,0,0,0,0,0,0.9286674,0,0,0,0,0,0,0,0,0,0.012173771,0,0,0,0,0,0,0,0,0,0,0,0,0,0,0,0,0,0,0,0,0,0,0,0,0,0,0,0,0,0,0,0,0,0,0,0,0,0,0,0,0.002117178,0,0,0,0,0,0,0,0,0,0,0,0,0,0,0,0,0,0,0,0,0,0,0,0,0,0,0,0,0,0,0,0,0,0,0,0,0,0,0,0,0,0,0,0,0,0,0,0,0,0,0,0,0,0,0,0,0,0,0,0,0,0,0,0,0,0,0,0,0,0,0,0,0,0,0,0.032409104,0,0,0,0,0,0,0,0,0,0,0.000488579,0,0,0,0,0,0,0,0,0,0,0,0,0,0,0,0,0,0,0.001425023,0,0,0,0,0.001587883,0,0,0,0,0,0,0
EM-E-072_S8,EM,April,Bombus.terrestris,0,0,0,0,0,0,0,0,0.88372093,0,0,0,0,0,0,0,0,0,0.009551495,0,0,0,0,0,0,0,0,0.045888704,0,0,0,0,0,0,0,0,0,0,0,0,0,0,0,0,0,0,0,0,0,0,0,0,0,0,0,0,0,0,0,0,0,0,0,0,0,0,0,0,0.002491694,0,0,0,0,0,0,0,0,0,0,0,0,0,0,0,0,0,0,0,0,0,0,0,0,0,0,0,0,0,0,0,0,0,0.007059801,0,0,0,0,0,0,0,0,0,0,0,0,0,0,0,0,0,0,0,0,0,0,0,0,0,0,0,0,0,0,0,0,0.03986711,0,0,0,0,0,0,0,0,0,0,0.004360465,0,0,0,0,0,0,0,0,0,0,0,0,0,0,0,0,0,0,0.002491694,0,0,0,0,0,0,0,0,0,0,0,0
ET-E-007_S16,ET,April,Bombus.lapidarius,0,0,0,0,0,0,0,0,0,0,0,0,0,0,0,0,0,0,0,0,0.006431944,0,0,0,0,0,0,0,0,0,0,0,0,0,0.000371789,0,0,0,0,0,0,0,0,0,0,0,0,0,0,0,0,0,0.000408968,0,0,0,0,0,0,0,0,0,0,0,0,0,0,0,0,0,0,0,0,0,0,0,0,0,0,0,0,0,0,0,0,0,0,0,0,0.002193553,0,0,0,0,0,0,0,0,0,0,0,0,0,0,0,0,0,0,0,0,0,0,0,0,0,0,0,0,0,0,0,0,0,0,0,0,0,0,0,0,0,0,0,0,0,0,0,0,0,0,0,0,0,0,0,0,0.000446146,0,0.009220359,0,0,0,0,0,0,0,0,0,0,0,0,0,0,0,0,0.980481095,0,0,0,0,0.000446146,0,0,0,0,0,0,0
ET-E-039_S24,ET,April,Bombus.terrestris,0,0,0,0,0,0,0,0,0,0,0,0,0,0,0,0,0,0,0.001467782,0,0.001761339,0,0,0,0,0,0.002201673,0.01643916,0,0,0,0,0,0,0,0,0,0,0,0,0,0,0,0,0,0,0,0,0,0,0,0,0,0,0,0,0,0,0,0,0,0,0,0.002788786,0,0,0,0,0.002642008,0,0,0,0,0,0,0,0,0.113166006,0,0,0,0,0,0,0,0,0,0,0.008806693,0.090562161,0,0,0,0,0,0,0,0,0,0,0,0,0,0,0,0,0,0,0,0,0,0,0,0,0,0,0,0,0,0,0,0,0,0,0,0,0,0,0,0,0,0,0,0.03375899,0,0.710406576,0,0,0,0,0,0,0,0,0,0,0,0,0,0,0,0,0,0,0,0,0,0,0,0,0,0,0,0,0,0.004403347,0,0,0,0,0.003669455,0,0,0,0,0,0,0
ET-E-042_S32,ET,April,Bombus.pascuorum,0,0,0,0,0,0,0,0,0,0,0,0,0,0,0,0,0,0,0.003365149,0,0,0,0,0,0,0,0,0.017927068,0,0,0,0,0,0,0,0,0,0,0,0,0,0,0,0,0,0,0,0,0.003059227,0,0,0,0,0,0,0,0,0,0,0,0,0,0,0,0,0,0,0.001101322,0,0,0,0,0.001651982,0,0,0,0,0.409324523,0,0,0,0.009667156,0,0,0,0,0,0,0.003976995,0.001162506,0,0,0.005812531,0,0,0,0,0,0,0,0,0,0.0110744,0,0,0,0.002875673,0.240271659,0,0,0,0,0,0,0,0.005445423,0,0,0,0.009300049,0,0,0,0,0,0,0,0,0,0,0,0,0,0,0,0.240944689,0,0,0,0,0,0,0,0,0,0,0,0,0,0.000795399,0,0,0,0,0,0,0,0,0,0,0,0,0,0,0,0.001774351,0,0,0,0,0.002202643,0,0,0,0,0,0,0
ET-E-044_S40,ET,April,Bombus.pascuorum,0,0,0,0,0,0,0,0,0,0.002525253,0,0,0,0.000927644,0,0,0,0,0,0,0.004225933,0,0,0,0,0,0.013605442,0,0,0,0,0,0,0,0,0,0,0,0,0,0,0,0,0,0,0,0,0,0.045969903,0,0,0,0,0,0,0,0,0,0,0,0,0,0,0,0,0,0.001391466,0,0.047309833,0,0,0.074417646,0,0.002009895,0,0,0,0,0,0,0,0.001391466,0,0,0,0,0.002319109,0,0.015615337,0.093898165,0,0,0,0,0,0,0,0,0,0,0,0,0.294372294,0,0,0,0,0.001597609,0.000824572,0,0,0,0,0,0,0.00401979,0.006802721,0,0,0,0,0,0,0,0,0,0,0,0,0.00304061,0.001288394,0.022314987,0,0,0,0.265769944,0,0,0,0,0,0,0,0,0,0.002009895,0.005256648,0,0.022057308,0,0,0,0,0,0,0,0,0,0,0,0.002370645,0,0.000566893,0,0.001236858,0.049319728,0,0,0,0,0,0,0.002112966,0,0,0,0.004689755,0
ET-E-047_S48,ET,April,Bombus.pascuorum,0,0,0,0,0,0,0,0,0,0,0,0,0,0,0,0,0,0,0,0,0,0,0,0,0,0,0,0,0,0,0,0,0,0,0,0,0,0,0,0,0,0,0,0,0,0,0,0,0.016194332,0,0,0,0,0,0,0,0,0,0,0,0,0,0,0,0,0,0,0,0,0,0,0,0,0,0,0,0,0.007785737,0,0,0,0,0,0,0,0,0,0,0,0,0,0,0,0,0,0,0,0,0,0,0,0,0.020865774,0,0,0,0,0,0,0,0,0,0,0,0,0,0,0,0,0,0,0,0,0,0,0,0,0,0,0,0,0,0,0,0,0,0,0,0,0,0,0,0,0,0,0,0,0,0,0,0,0,0,0,0,0,0,0,0,0,0.004360012,0,0,0,0,0,0,0,0,0,0.006851448,0,0,0,0,0,0.940516973,0
ET-E-048_S56,ET,April,Bombus.pascuorum,0,0,0,0,0,0,0,0,0,0,0,0,0,0,0,0,0,0,0,0,0.027676363,0,0,0,0,0,0,0,0,0,0,0,0,0,0,0,0.022494406,0,0,0,0,0,0,0,0,0,0,0,0.002061006,0,0,0,0,0,0,0,0,0,0,0,0.003650925,0,0,0,0,0,0,0,0,0,0,0,0,0,0,0,0,0,0,0,0,0,0,0,0,0,0,0,0,0,0.004416441,0,0,0,0,0,0,0,0,0,0,0,0,0,0,0,0,0,0.001118832,0,0,0,0,0,0,0,0,0,0,0,0,0,0,0,0,0,0,0,0,0,0,0,0,0,0,0.305323283,0,0,0,0,0,0,0,0,0,0,0,0,0,0,0,0,0,0,0,0,0,0,0.000883288,0,0,0,0,0,0,0.387056884,0,0,0,0,0.002296549,0,0,0,0,0,0.239371099,0
ET-E-049_S64,ET,April,Bombus.pascuorum,0,0,0,0,0,0,0,0,0,0,0,0,0,0,0,0,0,0,0,0,0,0,0,0,0,0,0,0.007186243,0,0,0,0,0,0,0,0,0,0,0,0,0,0,0,0,0,0,0,0,0.033364702,0,0,0,0,0,0,0,0,0,0,0.004790829,0.00333647,0,0,0,0,0,0,0.001197707,0,0,0,0,0,0,0,0,0,0.02155873,0,0,0,0,0,0,0,0,0,0,0,0,0.001197707,0,0,0,0,0,0,0,0,0,0,0,0.033792454,0,0,0,0.001026606,0.001283258,0,0,0,0,0,0,0,0,0,0,0,0,0,0,0,0,0,0,0,0,0,0,0,0,0,0,0,0.005047481,0,0,0,0,0,0,0,0,0,0,0,0,0,0,0,0,0,0,0,0,0,0,0,0,0.005988536,0,0,0,0,0,0,0,0,0,0.003764223,0,0,0,0,0,0.871588673,0
ET-E-051_S72,ET,April,Bombus.pascuorum,0,0,0,0,0,0,0,0,0,0,0.002006614,0,0,0,0,0,0,0,0,0,0,0,0,0,0,0,0,0,0,0,0,0,0,0,0,0,0,0,0,0,0,0,0,0,0,0,0,0,0.00862101,0,0,0,0,0,0,0,0,0,0,0,0.005202334,0,0,0,0,0,0,0,0,0,0,0,0,0,0,0,0,0,0,0,0,0,0,0,0,0,0,0,0,0,0.002638326,0,0,0,0,0,0,0,0,0,0,0,0.009884434,0,0,0,0,0,0,0,0,0,0,0,0,0,0,0,0,0,0,0,0,0,0,0,0,0,0,0,0,0,0,0,0,0.002006614,0,0,0,0,0,0,0,0,0,0,0,0,0.785329419,0,0,0,0,0,0,0,0,0,0,0,0.000891829,0,0,0,0,0.000594552,0,0,0,0,0.002452529,0,0,0,0,0,0.177696853,0
ET-E-079_S80,ET,April,Bombus.pascuorum,0,0,0,0,0,0,0,0,0,0,0,0,0,0,0,0,0,0,0,0,0,0,0,0,0,0,0,0,0,0,0,0,0,0,0,0,0,0,0,0,0,0,0,0,0,0,0,0,0.058941641,0,0,0,0.001424963,0,0,0,0,0,0,0,0,0,0,0.024483451,0,0,0,0.000971566,0.001360192,0,0,0.00123065,0,0,0,0,0,0,0,0,0,0,0,0,0,0,0,0,0,0,0,0,0,0,0,0,0,0,0,0,0,0,0.255327418,0,0,0,0,0.002266986,0,0,0,0,0,0,0,0,0,0,0,0,0,0,0,0,0,0,0,0,0.002396528,0,0,0,0,0,0,0.613835093,0,0.001165879,0,0,0,0,0,0,0,0,0,0,0.002785154,0,0,0,0,0,0,0,0,0,0,0,0.00064771,0,0,0,0,0.00816115,0,0,0,0,0,0,0,0,0,0.000842023,0.021957381,0
ET-E-080_S88,ET,April,Bombus.pascuorum,0,0,0,0,0,0,0,0,0,0,0,0,0,0,0,0,0,0,0,0,0.001266678,0,0,0,0,0,0,0,0,0,0,0,0,0,0,0,0,0,0,0,0,0,0,0,0,0,0,0,0,0,0,0,0.002702246,0,0,0,0,0,0,0,0,0,0,0,0,0,0,0,0,0,0,0,0,0,0,0,0,0,0,0,0,0,0,0,0,0,0,0,0,0.000844452,0,0,0,0,0,0,0,0,0,0,0,0,0,0,0,0,0,0,0,0,0,0,0,0,0,0,0,0,0,0,0,0,0,0,0,0,0,0,0,0,0,0,0,0,0,0,0,0,0,0,0,0,0,0,0,0,0.001351123,0,0,0,0,0,0,0,0,0,0,0,0,0,0,0,0,0,0,0.005911164,0,0,0,0,0,0,0,0,0,0,0.985897652,0
B-M-011_S17,B,July,Bombus.pascuorum,0,0,0,0,0,0,0,0,0,0,0,0,0,0,0,0,0,0,0,0,0,0,0,0,0,0,0,0,0,0,0,0,0,0,0,0,0,0,0,0,0,0,0,0,0,0,0,0,0,0,0,0,0,0,0,0,0,0,0,0,0,0,0,0,0,0,0,0,0,0,0,0,0,0,0,0,0,0,0,0,0,0,0,0,0,0,0,0,0,0,0,0,0,0,0,0,0,0,0,0,0,0,0,0,0,0,0,0,0,0,0,0,0,0,0,0,0,0.006030524,0,0,0,0,0,0,0,0,0,0,0,0,0,0,0,0,0,0,0,0,0,0,0,0,0,0,0.000603052,0,0.057382753,0,0,0,0,0,0,0,0,0,0,0,0,0,0,0,0,0,0,0.000603052,0,0,0.002087489,0,0.93329313,0,0,0,0,0,0,0
B-M-017_S25,B,July,Bombus.pascuorum,0,0,0,0,0,0.000811209,0,0,0,0,0,0,0,0,0,0,0,0,0,0,0,0,0,0,0,0,0,0,0,0,0,0,0,0,0,0,0,0,0,0,0,0,0,0,0,0,0,0,0,0,0,0,0,0,0,0,0,0,0,0,0,0,0,0,0,0,0,0,0,0,0,0,0,0,0,0,0,0,0,0,0,0,0,0,0,0,0,0,0,0,0,0,0,0,0,0,0,0,0,0,0,0,0,0,0,0,0,0,0,0,0,0,0,0,0,0,0,0.003244838,0,0,0,0,0,0,0,0,0,0,0,0,0,0,0,0,0,0,0,0,0,0,0,0,0,0,0,0,0.022345133,0,0,0,0,0,0,0,0,0,0,0,0,0,0,0,0,0,0,0,0,0,0.001364307,0,0.972234513,0,0,0,0,0,0,0
B-M-030_S33,B,July,Bombus.lapidarius,0,0,0,0,0,0,0,0,0,0,0,0,0,0,0,0,0,0,0,0,0,0,0,0,0,0,0,0,0,0,0,0,0,0,0,0,0,0,0,0,0,0,0,0,0,0,0,0,0,0,0,0,0,0,0,0,0,0,0,0,0,0,0,0,0,0,0,0,0,0,0,0,0,0,0,0,0,0,0,0,0,0,0,0,0,0,0,0,0,0,0,0,0,0,0,0,0,0,0,0,0.003670461,0,0,0,0,0,0,0,0,0,0,0,0,0,0,0,0,0.003555759,0,0,0,0,0,0,0,0,0,0,0,0,0,0,0.001347748,0,0,0,0,0,0,0,0,0,0,0,0,0,0.001433774,0,0,0,0,0,0,0,0,0,0,0,0,0,0,0,0,0,0,0,0,0,0.000745562,0,0.989246695,0,0,0,0,0,0,0
B-M-033_S41,B,July,Bombus.terrestris,0,0,0,0,0,0,0,0,0,0,0,0,0,0,0,0,0,0,0,0,0,0,0,0,0,0,0.001831139,0,0,0,0,0,0,0,0,0,0,0,0,0,0,0,0,0,0.000791844,0,0,0,0,0,0,0,0,0,0,0,0.000742354,0,0,0,0,0,0,0,0,0,0,0,0,0,0,0,0,0,0,0,0,0,0,0,0,0,0,0,0,0,0,0,0,0,0,0,0,0,0,0,0,0,0,0,0,0,0,0,0,0,0,0,0,0,0,0,0,0,0,0,0,0.001732159,0,0,0,0,0,0,0,0,0,0,0,0,0,0,0,0,0,0,0,0,0,0,0,0,0,0,0.003315847,0.000841334,0.512174602,0,0,0,0.000494903,0,0,0,0,0,0,0,0,0,0,0,0,0,0,0,0,0,0.014599624,0,0.463476195,0,0,0,0,0,0,0
B-M-034_S49,B,July,Bombus.terrestris,0,0,0,0,0,0.001290899,0,0,0,0,0,0,0,0,0,0,0,0,0,0,0,0,0,0,0,0,0,0,0,0,0,0,0,0,0,0,0,0,0,0,0,0.003823048,0,0,0,0,0,0,0,0,0,0,0,0,0,0,0,0,0,0,0,0,0,0,0,0,0,0,0,0,0,0,0,0,0,0,0,0,0,0,0,0,0,0,0,0,0,0,0,0,0,0,0,0,0,0,0,0,0,0,0,0,0,0,0,0,0,0,0,0,0,0,0,0,0,0,0,0,0,0,0,0,0,0,0,0,0,0,0,0,0,0,0,0,0,0,0,0,0,0,0,0,0,0,0,0,0.971997418,0,0,0,0,0,0,0,0,0,0,0.00054615,0,0,0,0,0,0,0,0,0,0,0,0,0.009979644,0,0.012362842,0,0,0,0,0
B-M-035_S57,B,July,Bombus.pascuorum,0,0,0,0,0,0,0,0,0,0,0,0,0,0,0,0,0,0,0,0,0,0,0,0,0,0,0,0,0,0,0,0,0,0,0,0,0,0,0,0,0,0,0,0,0,0,0,0,0,0,0,0,0,0,0,0,0,0,0,0,0,0,0,0,0,0,0,0,0,0,0,0,0,0,0,0,0,0,0,0,0,0,0,0,0,0,0,0,0,0.000893409,0.023434815,0,0,0,0,0,0,0,0,0,0.0014432,0,0,0,0,0,0,0,0,0,0,0,0,0,0,0,0,0,0,0,0,0,0,0,0,0,0,0,0,0,0,0,0,0,0,0,0,0,0,0,0,0,0,0,0,0,0.966187891,0,0,0,0,0,0,0,0,0,0,0.002611504,0,0,0,0,0.001030857,0,0,0,0,0,0,0,0.003161295,0,0,0,0,0,0.001237028,0
B-M-038_S65,B,July,Bombus.pascuorum,0,0,0,0,0,0,0,0,0,0,0,0,0,0,0,0,0,0,0,0,0,0,0,0,0,0,0,0,0,0,0,0,0,0,0,0,0,0,0,0,0,0,0,0,0,0,0,0,0,0,0,0,0.000644519,0,0,0,0,0,0,0,0,0,0,0,0,0,0,0,0,0,0,0,0,0,0,0,0,0,0,0,0,0,0,0,0,0,0,0,0,0,0,0,0,0,0,0,0,0,0,0,0,0,0,0,0,0,0,0,0,0,0,0,0,0,0,0,0,0,0,0,0,0,0,0,0,0,0,0,0,0,0,0,0,0,0,0,0,0,0,0,0,0,0,0,0,0.003925705,0.623249546,0,0,0,0,0,0,0,0,0,0,0.004218668,0,0,0,0,0.366203785,0,0,0,0,0,0,0,0.001757778,0,0,0,0,0,0,0
B-M-047_S73,B,July,Bombus.lapidarius,0,0,0,0,0.005071811,0,0,0,0,0,0,0,0,0,0,0,0,0,0,0,0.001232403,0,0,0,0,0,0,0,0,0,0,0,0,0,0,0,0,0,0,0,0,0,0,0,0,0,0,0,0,0,0,0,0.003365407,0,0,0,0,0,0,0.000474001,0,0,0.004171209,0,0,0,0,0,0,0,0,0,0,0,0,0,0,0,0,0,0,0,0,0,0,0,0,0,0,0,0,0,0,0,0,0,0,0.001564203,0,0,0.007015215,0,0,0,0,0,0,0,0,0,0,0,0,0,0,0,0,0.00450301,0,0,0,0,0,0,0,0,0,0,0,0,0,0,0,0,0,0,0,0,0.001232403,0,0,0,0,0,0,0,0.009717021,0,0,0,0,0,0,0,0,0,0,0,0,0,0,0,0,0,0,0,0,0,0.001848604,0,0.959804712,0,0,0,0,0,0,0
B-M-048_S81,B,July,Bombus.pascuorum,0,0,0,0,0.004096921,0,0,0,0,0,0,0,0,0,0,0,0,0,0,0,0.027742011,0,0,0,0,0,0,0,0,0,0,0,0,0,0,0,0.000643802,0,0,0,0,0,0,0,0,0,0,0,0,0,0,0,0.096043544,0,0,0,0,0,0,0,0,0,0.002106988,0,0,0,0,0,0,0,0,0,0,0,0,0,0,0,0,0,0,0,0,0,0,0,0,0,0,0,0,0,0,0,0,0,0,0,0,0,0,0,0,0,0,0,0,0,0,0,0,0,0,0,0,0,0,0.003043427,0,0,0,0,0,0,0,0,0,0,0,0,0,0,0,0,0,0,0,0,0,0,0,0,0,0,0.001580241,0.000585274,0.235572984,0,0,0,0,0,0,0,0,0,0,0.000760857,0,0,0,0,0,0,0,0.000819384,0,0,0.009481447,0.000819384,0.616703734,0,0,0,0,0,0,0
B-M-049_S89,B,July,Bombus.lapidarius,0,0,0,0,0.001324544,0,0,0,0,0,0,0,0,0,0,0,0,0,0,0,0,0,0,0,0,0,0,0,0,0,0,0,0,0,0,0,0,0,0,0,0,0,0,0,0,0,0,0,0,0,0,0,0.000431247,0,0,0,0,0,0,0,0,0,0.002033021,0,0,0,0,0,0,0,0,0,0,0,0,0,0,0,0,0,0,0,0,0,0,0,0,0,0,0,0,0,0,0,0,0,0,0,0,0,0,0,0,0,0,0,0,0,0,0,0,0,0,0,0,0,0,0.004620503,0,0,0,0,0,0,0,0,0,0,0,0,0,0,0,0,0,0,0,0,0,0,0,0,0,0,0,0,0.003912026,0,0,0,0,0,0,0,0,0,0,0,0,0,0,0,0,0,0,0,0,0,0.00083169,0.000308034,0.986538935,0,0,0,0,0,0,0
B-M-061_S2,B,July,Bombus.terrestris,0,0,0,0,0,0,0,0,0,0,0,0,0,0,0,0,0,0,0,0,0,0,0,0,0,0,0,0,0,0,0,0,0,0,0,0,0,0,0,0,0,0,0,0,0,0,0,0,0,0,0,0,0,0,0,0,0,0,0,0,0,0,0,0,0,0,0,0,0,0,0,0,0,0,0,0,0,0,0,0.003412423,0,0,0,0,0,0,0,0,0,0,0,0,0,0,0,0,0,0,0,0,0,0,0,0,0,0,0,0,0,0,0,0,0,0,0,0,0,0,0,0,0,0,0,0,0,0,0,0,0,0,0,0,0,0,0,0,0,0,0,0,0,0,0,0,0,0,0.991895495,0,0,0,0,0,0,0,0,0,0,0.003679019,0,0,0,0,0,0,0,0,0,0,0,0,0.001013063,0,0,0,0,0,0,0
B-M-069_S10,B,July,Bombus.pascuorum,0,0,0,0,0.001719716,0,0,0,0,0,0,0,0,0,0,0,0,0,0,0,0,0,0,0,0,0,0,0,0,0,0,0,0,0,0,0,0,0,0,0,0,0,0,0,0,0,0,0,0,0,0,0,0,0,0,0,0,0,0,0,0,0,0.000331875,0,0,0,0,0,0,0,0,0,0,0,0,0,0,0,0,0,0,0,0,0,0,0,0,0,0,0,0,0,0,0,0,0,0,0,0,0,0,0,0,0,0,0,0,0,0,0,0,0,0,0,0,0,0,0.003137728,0,0,0,0,0,0,0,0,0,0.000543068,0,0,0,0,0,0,0,0,0,0,0,0,0,0,0,0,0.001719716,0,0.252044049,0,0,0,0.001387841,0,0,0,0,0,0,0,0,0,0,0,0,0,0,0,0,0,0.008025343,0,0.731090662,0,0,0,0,0,0,0
B-M-070_S18,B,July,Bombus.pascuorum,0,0,0,0,0,0,0,0,0,0,0,0,0,0,0,0,0,0,0,0,0,0,0,0,0,0,0,0,0,0,0,0,0,0,0,0,0,0,0,0,0,0,0,0,0,0,0,0,0,0,0,0,0.000376011,0,0,0,0,0,0,0,0,0,0,0,0,0,0,0,0,0,0,0,0,0,0,0,0,0,0,0,0,0,0,0,0,0,0,0,0,0,0,0,0,0,0,0,0,0,0,0,0,0,0,0,0,0,0,0,0,0,0,0,0,0,0,0,0,0.002444068,0,0,0,0,0,0,0,0,0,0,0,0,0,0,0,0,0,0,0,0,0,0,0,0,0,0,0.004173717,0.000564016,0.461853732,0,0,0,0,0,0,0,0,0,0,0,0,0,0,0,0,0,0,0,0,0,0.017183681,0,0.513404775,0,0,0,0,0,0,0
B-M-075_S26,B,July,Bombus.lapidarius,0,0,0,0,0,0,0,0,0,0,0,0,0,0,0,0,0,0,0,0,0.001904329,0,0,0,0,0,0,0,0,0,0,0,0,0,0,0,0,0,0,0,0,0,0,0,0,0,0,0,0,0.000454765,0,0,0.052042179,0,0,0,0,0,0,0,0,0,0.000312651,0,0,0,0,0,0,0,0,0,0,0,0,0,0,0,0,0,0,0,0,0,0,0,0,0.006309866,0,0,0.000568456,0,0,0,0,0,0,0,0,0,0,0,0,0,0,0,0,0,0.001193758,0,0,0,0,0,0,0,0,0.002472785,0,0,0,0,0,0,0,0,0,0.000426342,0,0,0,0,0,0,0,0,0,0,0,0,0,0,0,0,0.000852685,0,0.12477617,0,0,0,0,0,0,0,0,0,0,0,0,0,0,0,0,0,0,0.080209192,0,0.000596879,0.006281443,0.000540034,0.721058466,0,0,0,0,0,0,0
B-M-091_S34,B,July,Bombus.lapidarius,0,0,0,0,0,0,0,0,0,0,0,0,0,0,0,0,0,0,0,0,0,0,0,0,0,0,0,0,0,0,0,0,0,0,0,0,0,0,0,0,0,0,0,0,0,0,0,0,0,0,0,0,0,0,0,0,0,0,0,0,0,0,0,0,0,0,0,0,0,0,0,0,0,0,0,0,0,0,0,0,0,0,0,0,0,0,0,0,0,0,0,0,0,0,0,0,0,0,0,0,0,0,0,0,0,0,0,0,0,0,0,0,0,0,0,0,0,0.003596058,0,0,0,0,0,0,0,0,0,0,0,0,0,0,0,0,0,0,0,0,0,0,0,0,0,0,0,0,0.001866309,0,0,0,0,0,0,0,0,0,0,0,0,0,0,0,0,0,0,0,0,0,0.000273118,0,0.994264515,0,0,0,0,0,0,0
B-M-092_S42,B,July,Bombus.pascuorum,0,0,0,0,0,0,0,0,0,0,0,0,0,0,0,0,0,0,0,0,0,0,0,0,0,0,0,0,0,0,0,0,0,0,0,0,0,0,0,0,0,0,0,0,0,0,0,0,0,0,0,0,0,0,0,0,0,0,0,0,0,0,0,0,0,0,0,0,0,0,0,0,0,0,0,0,0,0,0,0,0,0,0,0,0,0,0,0,0,0,0,0,0,0,0,0,0,0,0,0,0,0,0,0,0,0,0,0,0,0,0,0,0,0,0,0,0,0.002564242,0,0,0,0,0,0,0,0,0,0,0,0,0,0,0,0,0,0,0,0,0,0,0,0,0,0,0.001745867,0,0.14681652,0,0,0,0,0,0,0,0,0,0,0,0,0,0,0,0,0,0,0,0,0,0.005674068,0,0.843199302,0,0,0,0,0,0,0
B-M-094_S50,B,July,Bombus.pascuorum,0,0,0,0,0,0,0,0,0,0,0,0,0,0,0,0,0,0,0,0,0,0,0,0,0,0,0,0,0,0,0,0,0,0,0,0,0,0,0,0,0,0.00042613,0,0,0,0,0,0,0,0,0,0,0,0,0,0,0,0,0,0.00042613,0,0,0,0,0,0,0,0,0,0,0,0,0,0,0,0,0,0,0,0,0,0,0,0,0,0,0,0,0,0,0,0,0,0,0,0,0,0,0,0,0,0,0,0,0,0,0,0,0,0,0,0,0,0,0,0,0,0.002556782,0,0,0,0,0,0,0,0,0,0,0,0,0,0,0,0,0,0,0,0,0,0,0,0,0,0,0.002514169,0.000468743,0.261942302,0,0,0,0,0,0,0,0,0,0,0,0,0,0,0,0,0,0,0,0,0,0.011633357,0,0.717219926,0,0,0,0.00281246,0,0,0
B-M-105_S58,B,July,Bombus.terrestris,0,0,0,0,0,0,0,0,0,0,0,0,0,0,0,0,0,0,0,0,0,0,0,0,0,0,0,0,0,0,0,0,0,0,0,0,0,0,0,0,0,0.00565682,0,0,0,0,0,0,0,0,0,0,0,0,0,0,0,0,0,0,0,0,0,0,0,0,0,0,0,0,0,0,0,0,0,0,0,0,0,0,0,0,0,0,0,0,0,0,0,0,0,0,0,0,0,0,0,0,0,0,0,0,0,0,0,0,0,0,0,0,0,0,0,0,0,0,0,0,0,0,0,0,0,0,0,0,0,0,0,0,0,0,0,0,0,0,0,0,0,0,0,0,0,0,0,0,0.988476849,0,0,0,0,0,0,0,0,0,0,0,0,0,0,0,0,0,0,0,0,0,0,0,0.005866331,0,0,0,0,0,0,0
B-M-112_S66,B,July,Bombus.lapidarius,0,0,0,0,0,0,0,0,0,0,0,0,0,0,0,0,0,0,0,0,0.015367888,0,0,0,0,0,0,0,0,0,0,0,0,0,0,0.0004809,0.000209087,0,0,0,0,0.001777239,0,0,0,0,0,0,0,0,0,0,0.95237,0,0,0,0,0,0,0,0,0,0.000627261,0,0.001233613,0,0,0,0,0,0,0,0,0,0,0,0,0,0,0,0,0,0,0,0,0,0,0,0,0,0,0,0,0,0,0,0,0,0,0,0,0,0,0,0,0,0,0,0,0,0,0,0,0,0,0,0,0,0,0,0,0,0,0,0,0,0,0,0,0,0,0,0,0,0,0,0,0,0,0,0,0,0,0,0,0,0.015012441,0,0,0,0,0,0,0,0,0,0,0,0.000522717,0,0,0,0,0,0,0,0,0,0.000669078,0,0.011729776,0,0,0,0,0,0,0
B-M-115_S74,B,July,Bombus.lapidarius,0,0,0,0,0,0,0,0,0,0,0,0,0,0,0,0,0,0,0,0,0.001066898,0,0,0,0,0,0,0,0,0,0,0,0,0,0,0,0,0,0,0,0,0,0,0,0,0,0,0,0,0,0,0,0.002766033,0,0,0,0,0,0,0,0,0,0,0,0,0,0,0,0,0,0,0,0,0,0,0,0,0,0,0,0,0,0,0,0,0,0,0,0,0,0,0,0,0,0,0,0,0,0,0,0.000671751,0,0,0,0,0,0,0,0,0,0,0,0,0,0,0,0,0.002687004,0,0,0,0,0,0,0,0,0,0,0,0,0,0,0,0,0,0,0,0,0,0,0,0,0,0,0,0,0.002252341,0,0,0,0,0,0,0,0,0,0,0.001738649,0,0,0,0,0,0,0,0,0,0,0.000513692,0,0.988303631,0,0,0,0,0,0,0
B-M-116_S82,B,July,Bombus.lapidarius,0,0,0,0,0,0,0,0,0,0,0,0,0,0,0,0,0,0,0,0,0,0,0,0,0,0,0,0,0,0,0,0,0,0,0,0,0,0,0,0,0,0,0,0,0,0.00131485,0,0,0,0,0,0,0.000676209,0,0,0,0,0,0,0,0,0,0,0,0,0,0,0,0,0,0,0,0,0,0,0,0,0,0,0,0,0,0,0,0,0,0,0,0.000638642,0.000864044,0,0,0,0,0,0,0,0,0,0,0.001202149,0,0,0,0.000826477,0,0,0,0,0,0,0,0,0,0,0,0,0.000413239,0,0,0,0,0,0,0,0,0,0,0,0,0,0,0,0,0,0,0,0,0,0,0,0,0,0,0,0,0,0,0,0,0,0,0,0,0,0,0.026822946,0.795371727,0,0,0,0,0,0,0,0,0,0,0.007062624,0.000601074,0.164206018,0,0,0,0,0,0,0
B-M-119_S90,B,July,Bombus.pascuorum,0,0,0,0,0,0,0,0,0,0,0,0,0,0,0,0.000537875,0,0,0,0,0.001299866,0,0,0,0,0,0,0,0,0.035096369,0,0,0,0,0,0,0,0,0,0,0,0.000582698,0,0,0,0,0,0,0,0,0,0,0.003989242,0,0,0,0,0,0,0.003272075,0,0,0,0,0,0,0,0,0,0,0,0,0,0,0,0,0,0,0,0,0,0,0,0,0,0,0,0,0,0,0,0,0,0,0,0,0,0,0,0,0,0,0,0,0,0,0,0,0,0,0,0,0,0,0,0,0,0.000806813,0,0,0,0,0,0,0,0,0,0,0,0,0,0,0,0,0,0,0,0,0,0,0,0,0,0,0,0,0.068623935,0,0,0,0,0,0,0,0,0,0,0,0,0,0,0,0,0,0,0,0,0,0.004975347,0.638951143,0.241864635,0,0,0,0,0,0,0
B-M-120_S3,B,July,Bombus.lapidarius,0,0,0,0,0,0,0,0,0,0,0,0,0,0,0,0,0,0,0,0,0.021764911,0,0,0,0,0,0,0,0,0,0,0,0,0,0,0,0,0,0,0,0,0.005510987,0,0,0,0,0,0,0,0,0,0,0.933972794,0,0,0,0,0,0,0,0,0,0.001185909,0,0,0,0,0,0,0,0,0,0,0,0,0,0,0,0,0,0,0,0,0,0,0,0,0,0,0,0,0,0,0,0,0,0,0,0,0,0,0,0,0,0,0,0,0,0,0,0,0,0,0,0,0,0,0,0,0,0,0,0,0,0,0,0,0,0,0,0,0,0,0,0,0,0,0,0,0,0,0,0,0,0,0,0.020648762,0,0,0,0,0,0,0,0,0,0,0,0.001813743,0,0,0,0,0,0,0.004778514,0,0.001395187,0.000453436,0.00313917,0.004918033,0,0,0.000418556,0,0,0,0
B-M-125_S11,B,July,Bombus.terrestris,0,0,0,0,0,0,0,0,0,0,0,0,0,0,0,0,0,0,0,0,0.001121256,0,0,0,0,0,0,0,0,0.002509477,0,0,0,0,0,0.000640718,0,0,0,0,0,0.174488761,0,0,0,0,0,0,0,0,0,0,0.002242512,0,0,0,0,0,0,0,0,0,0,0,0,0,0,0,0,0,0,0,0,0,0,0,0,0,0.000533931,0,0,0,0,0,0,0,0,0,0,0,0,0,0,0,0.001495008,0,0,0,0,0,0,0,0,0,0,0,0,0,0,0,0.004111271,0.040098243,0,0,0,0,0,0.000747504,0,0,0,0,0.000587324,0,0,0,0,0,0,0,0,0,0,0,0,0,0,0,0,0,0,0,0,0,0.003096802,0.003737519,0.571947248,0,0,0,0,0,0,0,0,0,0,0,0,0,0,0,0,0,0,0,0,0.000694111,0.006513962,0,0.18436649,0,0,0,0,0.001067863,0,0
B-M-138_S19,B,July,Bombus.terrestris,0,0,0,0,0,0,0,0,0,0,0,0,0,0,0,0,0,0,0,0,0.002718665,0,0,0,0,0,0,0,0,0,0,0,0,0,0,0,0,0,0,0,0,0,0,0,0,0,0,0,0,0,0,0,0.003281147,0,0,0,0,0,0,0,0,0,0,0,0,0,0,0,0,0,0,0,0,0,0,0,0,0,0,0,0,0,0,0,0,0,0,0,0,0,0,0,0,0,0,0,0,0,0,0,0,0,0,0,0,0,0,0,0,0,0,0,0,0,0,0,0,0,0,0,0,0,0,0,0,0,0,0,0,0,0,0,0,0,0,0,0,0,0,0,0,0,0,0,0,0,0.989547202,0,0,0,0,0,0,0,0,0,0,0,0,0,0,0,0,0,0,0,0,0,0,0.002671792,0.001781194,0,0,0,0,0,0,0
B-M-140_S27,B,July,Bombus.terrestris,0,0,0,0,0,0,0,0,0,0,0,0,0,0,0,0,0,0,0,0,0.006173116,0,0,0,0,0,0,0,0,0,0,0,0,0,0,0,0,0,0,0,0,0.002326102,0,0,0,0,0,0,0,0,0,0,0.012704093,0,0,0,0,0,0,0,0,0,0,0,0,0,0,0,0,0,0,0,0,0,0,0,0,0,0,0.001163051,0,0,0,0,0,0,0,0,0,0,0,0,0,0,0,0,0,0,0,0,0,0,0,0,0,0,0,0,0,0,0,0,0,0,0,0,0,0,0,0,0,0,0,0,0,0,0,0,0,0,0,0,0,0,0,0,0,0,0,0,0,0,0,0,0,0,0.972981436,0,0,0,0,0,0,0,0,0,0,0,0,0,0,0,0,0,0,0,0,0,0,0,0.00295236,0,0,0,0.001699843,0,0,0
B-M-141_S35,B,July,Bombus.terrestris,0,0,0,0,0,0,0,0,0,0,0,0,0,0,0,0,0,0,0,0,0,0,0,0,0,0,0,0,0.000598495,0.042578659,0,0,0,0,0,0,0,0,0,0,0,0,0,0,0,0,0,0,0,0,0,0,0,0,0,0,0,0,0,0,0,0,0,0,0,0,0,0,0,0,0,0,0,0,0,0,0,0,0,0,0,0,0,0,0,0,0,0,0,0,0,0,0,0,0,0,0,0,0,0,0,0,0,0,0,0,0,0,0,0,0,0,0,0,0,0,0,0,0,0,0,0,0,0,0,0,0,0,0,0,0,0,0,0,0,0,0,0,0,0,0,0,0,0,0,0,0.940791724,0,0,0,0.000897743,0,0,0,0,0,0,0.001111491,0,0,0,0,0,0,0,0,0,0.000555746,0.000726744,0,0.012739398,0,0,0,0,0,0,0
B-M-143_S43,B,July,Bombus.terrestris,0,0,0,0,0,0,0,0,0,0,0,0,0,0,0,0,0,0,0,0,0,0,0,0,0,0,0,0,0,0,0,0,0,0,0,0,0,0,0,0,0,0.014552462,0,0,0,0,0,0,0,0,0,0,0,0,0,0,0,0,0,0,0,0,0.000365473,0,0,0,0,0,0,0,0,0,0,0,0,0,0,0,0,0,0,0,0,0,0,0,0,0,0,0,0,0,0,0,0,0,0,0,0,0,0,0,0,0,0,0,0,0,0,0,0,0,0,0,0,0,0,0.003156356,0,0,0,0,0,0,0,0,0,0,0,0,0,0,0,0,0,0,0,0,0,0,0,0,0,0,0,0,0.003289255,0,0,0,0,0,0,0,0,0,0,0,0,0,0,0,0,0,0,0.000332248,0,0,0.000531597,0,0.977772609,0,0,0,0,0,0,0
B-M-147_S51,B,July,Bombus.terrestris,0,0,0,0,0,0,0,0,0,0,0,0,0,0,0,0,0,0,0,0,0,0,0,0,0,0,0,0,0,0,0,0,0,0,0,0,0,0,0,0,0,0,0,0,0,0,0,0,0,0,0,0,0,0,0,0,0,0,0,0,0,0,0,0,0,0,0,0,0,0,0,0,0,0,0,0,0,0,0,0,0,0,0,0,0,0,0,0,0,0,0,0,0,0,0,0,0,0,0,0,0,0,0,0,0,0,0,0,0,0,0,0,0,0,0,0,0,0,0,0,0,0,0,0,0,0,0,0,0,0,0,0,0,0,0,0,0,0,0,0,0,0,0,0,0,0,0.97547045,0,0,0,0,0,0,0,0,0,0,0,0,0,0,0,0,0,0,0,0,0,0,0,0.02452955,0,0,0,0,0,0,0
B-M-149_S59,B,July,Bombus.lapidarius,0,0,0,0,0,0,0,0,0,0,0,0,0,0,0,0,0,0,0,0,0,0,0,0,0,0,0,0,0,0,0,0,0,0,0,0,0,0,0,0,0,0,0,0,0,0,0,0,0,0,0,0,0,0,0,0,0,0,0,0,0,0,0.000863664,0,0,0,0,0,0,0,0,0,0,0,0,0,0,0,0,0,0,0,0,0,0,0,0,0,0,0,0,0,0,0,0,0,0,0,0,0,0,0,0,0,0,0,0,0,0,0,0,0,0,0,0,0,0,0.005490438,0,0,0,0,0,0,0,0,0,0,0,0,0,0,0,0,0,0,0,0,0,0,0,0,0,0,0,0,0.01172116,0,0,0,0,0,0,0,0,0,0,0,0,0,0,0,0,0,0,0,0,0,0,0,0.981924738,0,0,0,0,0,0,0
B-M-154_S67,B,July,Bombus.lapidarius,0,0,0,0,0,0,0,0,0,0,0,0,0,0,0,0,0,0,0,0,0.002021098,0,0,0,0,0,0,0,0,0,0,0,0,0,0,0,0,0,0,0,0,0.000394361,0,0,0,0,0,0,0,0,0,0,0.004165434,0,0.025732032,0,0,0,0,0,0,0,0,0,0,0,0,0,0,0,0,0,0,0,0,0,0,0,0,0,0,0,0,0,0,0,0,0,0,0,0,0,0,0,0,0,0,0,0,0,0,0,0,0,0,0,0,0,0,0,0,0,0,0,0,0,0,0.003253475,0,0,0,0,0,0,0,0,0,0,0,0,0,0,0.000369713,0,0,0,0,0,0,0,0,0,0,0,0,0,0.004288672,0,0,0,0,0,0,0,0,0,0,0,0,0,0,0,0,0,0,0,0,0,0.001207729,0,0.958567485,0,0,0,0,0,0,0
EM-M-002_S75,EM,July,Bombus.pascuorum,0,0,0,0,0,0,0,0,0,0,0,0,0,0,0,0.010350164,0,0,0,0,0.00193461,0,0,0,0,0,0,0,0,0,0,0,0,0,0,0,0,0,0,0,0,0,0,0,0,0,0,0,0,0,0,0,0,0,0,0,0,0,0,0.003288837,0,0,0,0,0,0,0,0,0,0,0,0,0,0,0,0,0,0,0,0,0,0,0,0,0,0,0,0,0.002998646,0,0.002128071,0,0,0,0,0,0,0,0,0,0,0,0,0,0,0,0,0,0,0,0,0,0,0,0,0,0,0.001257497,0,0,0,0,0,0,0,0,0,0.001064036,0,0,0,0,0,0,0.002128071,0,0,0,0,0,0,0,0,0,0,0,0.178951441,0,0,0,0,0,0,0,0,0,0,0,0,0,0,0,0.260205069,0,0,0,0,0,0,0.007835171,0.331495454,0,0,0,0,0,0.196362933,0
EM-M-004_S83,EM,July,Bombus.lapidarius,0,0,0,0,0,0,0,0,0,0,0,0,0,0,0,0,0,0,0,0,0.888521188,0,0,0,0,0,0,0,0,0,0,0,0,0,0,0,0.001205934,0,0,0,0,0,0,0,0,0,0,0,0,0,0,0,0.034018566,0,0,0,0,0,0,0,0,0,0,0,0,0,0,0,0,0,0,0,0,0,0,0,0,0,0,0,0,0,0,0,0,0,0,0,0,0,0,0,0,0,0,0,0,0,0,0,0,0,0,0,0,0,0,0,0.000308495,0,0,0,0,0,0,0,0,0.00028045,0,0,0,0,0,0,0,0,0,0.003533668,0,0,0,0,0,0,0,0,0,0,0.00050481,0,0,0,0,0,0,0,0.003814118,0,0,0,0,0,0,0,0,0,0,0,0.00061699,0,0,0,0,0,0,0.005104187,0,0,0,0,0.062091595,0,0,0,0,0,0,0
EM-M-009_S91,EM,July,Bombus.lapidarius,0,0,0,0,0.001058985,0,0,0,0,0,0,0,0,0,0,0,0,0,0,0,0,0,0,0,0,0,0,0,0,0,0,0,0,0,0,0,0,0,0.000529493,0,0,0,0,0,0,0,0,0,0,0,0,0,0,0,0,0,0,0,0,0,0,0,0.003918246,0,0,0,0,0,0,0,0,0,0,0,0,0,0,0,0,0,0,0,0,0,0,0,0,0,0,0,0,0,0,0,0,0,0,0,0,0,0,0,0,0,0,0,0,0,0,0,0,0,0,0,0,0,0,0.003759398,0,0,0,0,0,0,0,0,0,0,0,0.000953087,0,0,0,0,0,0,0,0.000635391,0.003812348,0,0,0,0,0,0,0,0.001164884,0,0,0,0,0,0,0,0,0,0,0,0,0,0,0,0,0,0,0,0,0,0,0.032669702,0.951498464,0,0,0,0,0,0,0
EM-M-013_S4,EM,July,Bombus.pascuorum,0,0,0,0,0,0,0,0,0,0,0,0,0,0,0,0,0,0,0,0,0,0,0,0,0,0,0,0,0,0,0,0,0,0,0,0,0,0,0,0,0,0,0,0,0,0,0,0,0,0,0,0,0,0,0,0,0,0,0,0,0,0,0,0,0,0,0,0,0,0,0,0,0,0,0,0,0,0,0,0,0,0,0,0,0,0,0,0,0,0,0,0,0,0,0,0,0,0,0,0,0,0,0,0,0,0,0,0,0,0,0,0,0,0,0,0,0,0,0,0,0,0,0,0,0,0,0,0,0,0,0,0,0,0,0,0,0,0,0,0,0,0,0,0,0,0,0.269959153,0,0,0,0,0,0,0,0,0,0,0,0,0,0,0,0.632008912,0,0,0,0,0,0,0,0.049015967,0,0,0,0,0,0.049015967,0
EM-M-014_S12,EM,July,Bombus.pascuorum,0,0,0,0,0,0,0,0,0,0,0,0,0,0,0,0.001932243,0,0,0,0,0,0,0,0,0,0,0,0,0,0,0,0,0,0,0,0,0,0,0,0,0,0,0,0,0,0,0,0,0,0,0,0,0,0,0,0,0,0,0,0.001803427,0,0,0,0,0,0,0,0,0,0,0,0,0,0,0,0,0,0,0,0,0,0,0,0,0,0,0,0,0.002962772,0,0,0,0,0,0,0,0,0,0,0,0,0,0,0,0,0,0,0,0,0,0,0,0,0,0,0,0,0.00167461,0,0,0,0,0,0,0,0,0,0,0,0,0,0,0,0,0,0,0,0,0,0,0,0,0,0,0,0,0.069174288,0,0,0,0,0,0,0,0,0,0,0,0,0,0,0,0.598866418,0,0,0,0,0,0,0,0.23096741,0,0,0,0,0,0.092618833,0
EM-M-015_S20,EM,July,Bombus.pascuorum,0,0,0,0,0,0,0,0,0,0,0,0,0,0,0,0,0,0,0,0,0,0,0,0,0,0,0,0,0,0,0,0,0,0,0,0,0,0,0,0,0,0,0,0,0,0,0,0,0,0,0,0,0,0,0,0,0,0,0,0.00210063,0,0,0,0,0,0,0,0,0,0,0,0,0,0,0,0,0,0,0,0,0,0,0,0,0,0,0,0,0,0,0.00130039,0,0,0,0,0,0,0,0,0,0,0,0,0,0,0,0,0,0,0,0,0,0,0,0,0,0,0.0040012,0,0,0,0,0,0,0,0,0,0,0,0,0,0,0,0,0,0,0,0,0,0,0,0,0,0,0.00160048,0,0.233570071,0,0,0,0,0,0,0,0,0,0,0,0,0,0,0,0.023306992,0,0,0,0,0,0,0,0.588276483,0,0,0,0,0,0.145843753,0
EM-M-030_S28,EM,July,Bombus.terrestris,0,0,0,0,0,0,0.001265923,0,0,0,0,0,0,0,0,0,0,0,0,0,0.08188939,0,0,0,0,0,0,0,0,0,0,0,0,0,0,0,0,0,0,0,0,0,0,0,0,0,0,0,0,0,0,0,0.24994066,0,0,0,0,0,0,0,0,0,0,0,0,0,0,0,0,0,0,0,0,0,0,0.000791202,0,0,0,0,0,0,0,0,0,0,0,0,0.001819764,0.016773479,0,0,0,0,0,0,0,0,0,0,0,0,0,0,0,0,0,0,0,0,0,0,0,0,0,0,0,0,0,0,0,0,0,0,0,0,0.001186803,0,0,0,0,0,0,0,0,0,0,0,0.000791202,0,0,0,0.006962576,0,0,0,0.494263787,0,0,0,0.011235066,0,0,0,0,0.088377245,0,0,0.005459293,0,0,0,0.035683203,0,0,0,0,0,0,0,0.001582404,0,0,0.001978005,0,0,0,0
EM-M-032_S36,EM,July,Bombus.pascuorum,0,0,0,0,0,0,0,0,0,0,0,0,0,0,0,0,0,0,0,0,0,0,0,0,0,0,0,0,0,0,0,0,0,0,0,0,0,0,0,0,0,0,0,0,0,0,0,0,0,0,0,0,0,0,0,0,0,0,0,0,0,0,0,0,0,0,0,0,0,0,0,0,0,0,0,0,0,0,0,0,0,0,0,0,0,0,0,0,0,0,0,0,0,0,0,0,0,0,0,0,0,0,0,0,0,0,0,0,0,0,0,0,0,0,0,0,0,0.003828943,0,0,0,0,0,0,0,0,0,0,0,0,0,0,0,0,0,0,0,0,0,0,0,0,0,0,0,0,0.02426535,0,0,0,0,0,0,0,0,0,0,0,0,0,0,0,0.00299857,0,0,0,0,0,0,0,0.968907137,0,0,0,0,0,0,0
EM-M-038_S44,EM,July,Bombus.lapidarius,0,0,0,0,0,0,0,0,0,0,0,0,0,0,0,0,0,0,0,0,0,0,0,0,0,0,0,0,0,0,0,0,0,0,0,0,0,0,0,0,0,0,0,0,0,0,0,0,0,0,0,0,0,0,0,0,0,0,0,0,0,0,0,0,0,0,0,0,0,0,0,0,0,0,0,0,0,0,0,0,0,0,0,0,0,0,0,0,0,0,0,0,0,0,0,0,0,0,0,0,0,0,0,0,0,0,0,0,0,0,0,0,0,0,0,0,0,0.004545716,0,0,0,0,0,0,0,0,0,0,0,0,0,0,0,0,0,0,0,0,0,0,0,0,0,0,0,0,0.000575407,0,0,0,0,0,0,0,0,0,0,0,0,0,0,0,0,0,0,0,0,0,0,0,0.994878877,0,0,0,0,0,0,0
EM-M-048_S52,EM,July,Bombus.pascuorum,0,0,0,0,0,0,0,0,0,0,0,0,0,0,0,0,0,0,0,0,0,0,0,0,0,0,0,0,0,0,0,0,0,0,0,0,0,0,0,0,0,0,0,0,0,0,0,0,0,0,0,0,0,0,0,0,0,0,0,0,0,0,0,0,0,0,0,0,0,0,0,0,0,0,0,0,0,0,0,0,0,0,0,0,0,0,0,0,0,0,0,0,0,0,0,0,0,0,0,0,0,0,0,0,0,0,0,0,0,0,0,0,0,0,0,0,0,0.00497563,0,0,0,0,0,0,0,0,0,0,0,0,0,0,0,0,0.004163282,0,0,0,0,0,0,0,0,0,0,0,0.015942323,0,0,0,0,0,0,0,0,0,0,0,0,0,0,0,0,0,0,0,0,0,0,0,0.95511779,0,0,0,0,0,0.019800975,0
EM-M-066_S60,EM,July,Bombus.pascuorum,0,0,0,0,0,0,0,0,0,0,0,0,0,0,0,0,0,0,0,0,0.004575961,0,0,0,0,0,0,0,0,0,0,0,0,0,0,0,0,0,0,0,0,0,0,0,0,0,0,0,0,0,0,0,0.006050437,0,0,0,0,0,0,0.000915192,0,0,0,0,0,0,0,0,0,0,0,0,0,0,0,0,0,0,0,0,0,0.000610128,0,0,0,0,0,0.000610128,0.012405939,0,0,0,0,0,0,0,0,0,0,0,0,0,0,0,0,0,0,0,0.003304861,0,0,0,0,0,0,0,0,0.004830181,0,0,0,0,0,0,0.003864145,0,0,0.00076266,0,0,0,0,0,0,0.057250356,0,0,0,0,0,0,0,0,0,0,0,0.003711613,0,0,0.001677852,0,0,0,0,0,0,0,0,0.000711816,0,0,0,0,0,0,0.000915192,0,0,0.004779337,0.115670124,0.777354078,0,0,0,0,0,0,0
EM-M-070_S68,EM,July,Bombus.terrestris,0,0,0,0,0,0,0,0,0,0,0,0,0,0,0,0,0,0,0,0,0,0,0,0,0,0,0,0,0,0,0,0,0,0,0,0,0,0,0,0,0,0,0,0,0,0,0,0,0,0,0,0,0,0,0,0,0,0,0,0,0,0,0,0,0,0,0,0,0,0,0,0,0,0,0,0,0,0,0,0,0,0,0,0,0,0,0,0,0,0,0,0,0,0,0,0,0,0,0,0,0,0,0,0,0,0,0,0,0,0,0,0,0,0,0,0,0,0,0,0,0,0,0,0,0,0,0,0,0,0,0,0,0,0,0,0,0,0,0,0,0,0,0,0,0,0,0.99102153,0.001465873,0,0,0,0,0,0,0,0,0,0,0,0,0,0,0,0,0,0,0,0,0.001374256,0,0.006138342,0,0,0,0,0,0,0
EM-M-071_S76,EM,July,Bombus.pascuorum,0,0,0,0,0,0,0,0,0,0,0,0,0,0,0.001252529,0,0,0,0,0,0,0,0,0,0,0,0,0,0,0,0,0,0,0,0,0,0,0,0,0,0,0,0,0,0,0,0,0,0,0,0,0,0,0,0,0,0,0,0,0.006840736,0,0,0,0,0,0,0,0,0,0,0,0,0,0,0,0,0,0,0,0,0,0,0,0,0,0,0,0,0,0,0.005780904,0,0,0,0,0,0,0,0,0.037094132,0,0,0,0,0,0,0,0,0,0,0,0,0,0,0,0,0,0,0,0,0,0,0,0,0.001252529,0,0,0,0,0,0,0,0,0,0.027555641,0,0,0,0.000963484,0,0,0,0,0,0.128817805,0.002601407,0.409287985,0,0,0,0,0,0,0,0,0.038057616,0,0,0,0,0,0,0.02765199,0,0,0,0,0,0,0.001541574,0.002601407,0,0,0,0,0,0.30870026,0
EM-M-075_S84,EM,July,Bombus.lapidarius,0,0,0,0,0,0,0,0,0,0,0,0,0,0,0,0,0,0,0,0,0.002416661,0,0,0,0,0,0,0,0,0,0,0,0,0,0,0,0,0,0,0,0,0.000781861,0,0,0,0,0,0,0,0,0,0,0.007960765,0,0,0,0,0,0,0,0,0,0,0,0,0,0,0,0,0,0,0,0,0,0,0,0,0,0,0,0,0.001066174,0,0,0,0,0,0,0.008671547,0,0,0,0,0,0,0,0,0,0,0,0,0,0,0,0,0,0,0,0.002772052,0,0,0,0,0,0,0,0,0.002416661,0,0,0,0,0,0,0.004122539,0,0,0,0,0,0,0,0,0,0.455398394,0,0,0.001137252,0.016561234,0,0,0,0,0,0,0,0,0,0,0.000924017,0,0,0,0,0,0,0,0,0.000924017,0,0,0,0,0,0,0,0,0,0,0.002203426,0.491648305,0,0,0,0,0,0.000995096,0
EM-M-076_S92,EM,July,Bombus.terrestris,0,0,0,0,0,0,0,0,0,0,0,0,0,0,0,0,0,0,0,0,0.000417051,0,0,0,0,0,0,0,0,0,0,0,0,0,0,0,0,0,0,0,0,0,0,0,0,0,0,0,0,0,0,0,0.001191576,0,0,0,0,0,0,0,0,0,0,0,0,0,0,0,0,0,0,0,0,0,0,0,0,0,0,0,0,0,0,0,0,0,0,0,0.000744735,0,0,0,0,0,0,0,0,0,0,0,0,0,0,0,0,0,0,0,0,0,0,0,0,0,0,0,0,0.00485567,0,0,0,0,0,0,0.000297894,0,0,0,0,0,0,0,0,0,0.005749352,0,0,0,0,0,0,0,0,0,0,0,0.000685156,0,0,0,0,0,0,0,0,0,0,0,0,0,0,0,0,0,0,0,0,0,0,0,0.986058566,0,0,0,0,0,0,0
EM-M-081_S5,EM,July,Bombus.terrestris,0,0,0,0,0,0,0,0,0,0,0,0,0,0,0,0,0,0,0,0,0.002416661,0,0,0,0,0,0,0,0,0,0,0,0,0,0,0,0,0,0,0,0,0.000781861,0,0,0,0,0,0,0,0,0,0,0.007960765,0,0,0,0,0,0,0,0,0,0,0,0,0,0,0,0,0,0,0,0,0,0,0,0,0,0,0,0,0.001066174,0,0,0,0,0,0,0.008671547,0,0,0,0,0,0,0,0,0,0,0,0,0,0,0,0,0,0,0,0.002772052,0,0,0,0,0,0,0,0,0.002416661,0,0,0,0,0,0,0.004122539,0,0,0,0,0,0,0,0,0,0.455398394,0,0,0.001137252,0.016561234,0,0,0,0,0,0,0,0,0,0,0.000924017,0,0,0,0,0,0,0,0,0.000924017,0,0,0,0,0,0,0,0,0,0,0.002203426,0.491648305,0,0,0,0,0,0.000995096,0
EM-M-096_S13,EM,July,Bombus.lapidarius,0,0,0,0,0,0,0,0,0,0,0,0,0,0,0,0,0,0,0,0,0,0,0,0,0,0,0,0,0,0,0,0,0,0,0,0,0,0,0,0,0,0,0,0,0,0,0,0,0,0,0,0,0,0,0,0,0,0,0,0,0,0,0,0,0,0,0,0,0,0,0,0,0,0,0,0,0,0,0,0,0,0,0,0,0,0,0,0,0,0,0,0,0,0,0,0,0,0,0,0,0.000715692,0,0,0,0,0,0,0,0,0,0,0,0,0,0,0,0,0.005832886,0,0,0,0,0,0,0,0,0,0,0,0,0,0,0,0,0,0,0,0.001073537,0.006834854,0,0,0,0,0,0,0,0.000465199,0,0,0,0,0,0,0,0,0,0,0,0,0,0,0,0,0,0,0,0,0,0.000536769,0,0.984541063,0,0,0,0,0,0,0
EM-M-098_S21,EM,July,Bombus.lapidarius,0,0,0,0,0,0,0,0,0,0,0,0,0,0,0,0,0,0,0,0,0,0,0,0,0,0,0,0,0,0,0,0,0,0,0,0,0,0,0,0,0,0,0,0,0,0,0,0,0,0,0,0,0.005294118,0,0,0,0,0,0,0,0,0,0,0,0,0,0,0,0,0,0,0,0,0,0,0,0,0,0,0,0,0,0,0,0,0,0,0,0,0,0,0,0,0,0,0,0,0,0,0,0,0,0,0,0,0,0,0,0,0,0,0,0,0,0,0,0,0.005294118,0,0,0,0,0,0,0,0,0,0,0,0,0,0,0,0,0,0,0,0,0,0,0,0,0,0,0,0,0,0,0,0,0,0,0,0,0,0,0,0,0,0,0,0,0,0,0,0,0,0,0,0,0.989411765,0,0,0,0,0,0,0
EM-M-100_S29,EM,July,Bombus.pascuorum,0,0,0,0,0,0,0,0,0,0,0,0,0,0,0,0,0,0,0,0,0,0,0,0,0,0,0,0,0,0,0,0,0,0,0,0,0,0,0,0,0,0,0,0,0,0,0,0,0,0,0,0,0,0,0,0,0,0,0,0,0,0,0,0,0,0,0,0,0,0,0,0,0,0,0,0,0,0,0,0,0,0,0,0,0,0,0,0,0,0,0,0,0,0,0,0,0,0,0,0,0,0,0,0,0,0,0,0,0,0,0,0,0,0,0,0,0,0.004951238,0,0,0,0,0,0,0,0,0,0,0,0,0,0,0,0,0,0,0,0,0,0,0,0,0,0,0,0,0.049362341,0,0,0,0,0,0,0,0,0,0,0,0,0,0,0,0,0,0,0,0,0,0,0,0.945686422,0,0,0,0,0,0,0
EM-M-104_S46,EM,July,Bombus.terrestris,0,0,0,0,0,0,0,0,0,0,0,0,0,0,0,0,0,0,0,0,0,0,0,0,0,0,0,0,0,0,0,0,0,0,0,0,0,0,0,0,0,0,0,0,0,0,0,0,0,0,0,0,0,0,0,0,0,0,0,0,0,0,0,0,0,0,0,0,0,0,0,0,0,0,0,0,0,0,0,0,0,0,0,0,0,0,0,0,0,0,0,0,0,0,0,0,0,0,0,0,0,0,0,0,0,0,0,0,0,0,0,0,0,0,0,0,0,0.00412831,0,0,0,0,0,0,0,0,0,0,0,0,0,0,0,0,0,0,0,0,0,0,0,0,0,0,0,0,0.002040429,0,0,0,0,0,0,0,0,0,0,0,0,0,0,0,0,0,0,0,0,0,0,0,0.993831261,0,0,0,0,0,0,0
EM-M-110_S37,EM,July,Bombus.lapidarius,0,0.001816917,0,0,0,0,0,0,0,0,0,0,0,0,0.004136385,0,0,0,0,0,0.001430339,0,0,0,0,0,0,0,0.000541209,0,0,0,0,0,0,0,0,0,0,0.000502551,0,0,0,0,0,0,0,0,0,0,0,0,0.003711149,0,0,0,0,0,0,0.022189578,0,0,0,0,0,0,0,0,0,0,0,0,0,0,0,0,0,0,0,0,0,0,0,0,0,0,0,0,0.00123705,0.006455853,0.001700943,0,0,0,0,0,0,0,0,0.000463894,0.219653626,0.639438689,0,0,0,0,0,0,0,0,0,0,0,0,0.000773156,0,0,0,0,0,0,0,0,0,0,0,0,0.001275707,0,0,0,0,0,0,0.004445647,0,0,0,0,0,0,0,0,0,0,0,0,0,0,0,0,0,0,0,0,0,0,0,0,0,0,0,0,0,0,0.000927787,0,0,0.005064172,0.054546157,0.029689191,0,0,0,0,0,0,0
EM-M-112_S45,EM,July,Bombus.terrestris,0,0,0,0,0,0,0,0,0,0,0,0,0,0,0,0,0,0,0,0,0,0,0,0,0,0,0,0,0,0,0,0,0,0,0,0,0,0,0,0,0,0,0,0,0,0,0,0,0,0,0,0,0,0,0,0,0,0,0,0,0,0,0,0,0,0,0,0,0,0,0,0,0,0,0,0,0,0,0,0,0,0,0,0,0,0,0,0,0,0,0,0,0,0,0,0,0,0,0,0,0,0,0,0,0,0,0,0,0,0,0,0,0,0,0,0,0,0.00412831,0,0,0,0,0,0,0,0,0,0,0,0,0,0,0,0,0,0,0,0,0,0,0,0,0,0,0,0,0.002040429,0,0,0,0,0,0,0,0,0,0,0,0,0,0,0,0,0,0,0,0,0,0,0,0.993831261,0,0,0,0,0,0,0
EM-M-116_S53,EM,July,Bombus.terrestris,0,0,0,0,0,0,0,0,0,0,0,0,0,0,0,0,0,0,0,0,0,0,0,0,0,0,0,0.00085199,0,0,0,0,0,0,0,0,0,0,0,0,0,0,0,0,0,0,0,0,0,0,0,0,0,0,0,0,0.00709992,0,0,0,0,0,0,0,0,0,0,0,0,0,0,0,0,0,0,0,0,0,0,0,0,0,0,0,0,0,0,0,0,0,0,0,0,0,0,0,0,0,0,0,0,0,0,0,0,0,0,0,0,0,0,0,0,0,0,0,0,0,0,0,0,0,0,0,0,0,0,0,0,0,0,0,0,0,0,0,0,0,0,0,0,0,0,0,0.002650637,0.001325318,0.943058645,0,0,0,0,0,0,0,0,0,0,0,0,0,0,0,0,0,0,0,0,0.023950395,0,0,0.021063095,0,0,0,0,0,0,0
EM-M-117_S61,EM,July,Bombus.terrestris,0,0,0,0,0,0,0,0,0,0,0,0,0,0,0,0,0,0,0,0,0,0,0,0,0,0,0,0,0,0,0,0,0,0,0,0,0,0,0,0,0,0,0,0,0,0,0,0,0,0,0,0,0,0,0,0,0.003020487,0,0,0,0,0,0,0,0,0,0,0,0,0,0,0,0,0,0,0,0,0,0,0,0,0,0,0,0,0,0,0,0,0,0,0,0,0,0,0,0,0,0,0,0,0,0,0,0,0,0,0,0,0,0,0,0,0,0,0,0,0,0,0,0,0,0,0,0,0,0,0,0,0,0,0,0,0,0,0,0,0,0,0,0,0,0,0,0.001838557,0.000656628,0.958807564,0,0,0,0,0,0,0,0,0,0,0,0,0,0,0,0,0,0,0,0,0.005559447,0,0,0.030117317,0,0,0,0,0,0,0
EM-M-118_S69,EM,July,Bombus.lapidarius,0,0,0,0,0,0,0,0,0,0,0,0,0,0,0,0,0,0,0,0,0.000682477,0,0,0,0,0,0,0,0,0,0,0,0,0,0,0,0,0,0,0,0,0,0,0,0,0,0,0,0,0,0,0,0.001706193,0,0,0,0,0,0,0,0,0,0,0,0,0,0,0,0,0,0,0,0,0,0,0,0,0,0,0,0,0,0,0,0,0,0,0,0,0,0,0,0,0,0,0,0,0,0,0,0,0,0,0,0,0,0,0,0,0,0,0,0,0,0,0,0,0.00511858,0,0,0,0,0,0,0,0,0,0.000597168,0,0,0,0,0.017915032,0,0,0,0,0,0,0,0,0,0,0,0,0,0.000511858,0,0,0,0,0,0,0,0,0,0,0,0,0,0,0,0,0,0,0,0,0,0,0.000767787,0.972700904,0,0,0,0,0,0,0
EM-M-121_S77,EM,July,Bombus.pascuorum,0,0,0,0,0,0,0,0,0,0,0,0,0,0,0.001656007,0.000571037,0,0,0,0,0.007423481,0,0,0,0,0,0,0,0,0,0,0,0,0,0,0,0,0,0,0,0,0,0,0,0,0,0,0,0,0,0,0,0.014275925,0,0,0,0,0,0,0.006452718,0,0,0,0,0,0,0,0,0,0,0,0,0,0,0,0,0,0,0,0,0,0,0,0,0,0,0,0,0,0,0.011991777,0,0,0,0.024154865,0.002740978,0,0,0,0.171539516,0.000970763,0,0,0,0,0,0,0,0,0,0,0,0,0,0,0,0.001598904,0.003026496,0,0,0,0,0,0,0,0,0,0,0,0,0,0,0,0,0,0,0,0,0,0,0,0,0,0,0.000856556,0,0.074177707,0,0,0,0,0,0,0,0,0,0,0.001256281,0.000628141,0,0,0,0,0,0,0.000856556,0,0,0.000571037,0,0.664287346,0,0,0,0,0,0.01096391,0
EM-M-122_S85,EM,July,Bombus.lapidarius,0,0,0,0,0,0,0,0,0,0,0,0,0,0,0,0,0,0,0,0,0.000610187,0,0,0,0,0,0,0,0,0,0,0,0,0,0,0,0,0,0,0,0,0,0,0,0,0,0,0,0,0,0,0,0.001830561,0,0,0,0,0,0,0,0,0,0,0,0,0,0,0,0,0,0,0,0,0,0,0,0,0,0,0,0,0,0,0,0,0,0,0,0,0,0,0,0,0,0,0,0,0,0,0,0,0,0,0,0,0,0,0,0,0,0,0,0,0,0,0,0,0.004977841,0,0,0,0,0,0,0,0,0,0,0,0,0,0,0,0,0,0,0,0,0,0,0,0,0,0,0,0,0.004110733,0,0,0,0,0,0,0,0,0,0,0,0,0,0,0,0,0,0,0,0,0,0,0.003115165,0.985355514,0,0,0,0,0,0,0
EM-M-126_S93,EM,July,Bombus.lapidarius,0,0,0,0,0,0,0,0,0,0,0,0,0,0,0.000222722,0,0,0,0,0,0.001269516,0,0,0,0,0,0,0,0,0,0,0,0,0,0,0,0,0,0,0,0,0,0,0,0,0,0,0,0,0,0,0,0.003697187,0,0,0,0,0,0,0.003073565,0,0,0,0,0,0,0,0,0,0,0,0,0,0,0,0,0,0,0,0,0,0,0,0,0,0,0,0,0,0,0,0,0,0,0,0,0,0.000311811,0,0.217799951,0.028463886,0,0,0,0,0,0,0,0,0.000311811,0,0,0,0,0,0,0,0.002962204,0,0,0,0,0,0,0,0,0,0.002761754,0,0,0,0,0,0,0,0,0,0,0.000512261,0,0,0,0,0,0,0,0.006481213,0,0,0,0,0,0,0,0,0,0,0,0,0,0,0,0,0,0,0,0,0,0.000846344,0.00060135,0.730684425,0,0,0,0,0,0,0
EM-M-130_S6,EM,July,Bombus.terrestris,0,0,0,0,0,0,0,0,0,0,0,0,0,0,0,0,0,0,0,0,0.045249237,0,0,0,0,0,0,0,0,0,0,0,0,0,0,0,0,0,0,0,0,0,0,0,0,0,0,0,0,0,0,0,0.760040692,0,0,0,0.003499491,0,0,0,0,0,0,0,0,0,0,0,0,0,0,0,0,0,0,0,0,0,0.000406918,0,0,0,0,0,0,0,0,0,0,0,0,0,0,0,0,0,0,0,0,0,0,0,0,0,0,0,0,0,0,0,0,0,0,0,0,0,0,0,0,0,0,0,0,0,0,0,0,0.003418108,0,0,0,0,0,0,0,0,0,0,0,0,0,0,0,0,0,0,0.166836216,0,0,0,0,0,0,0,0,0,0,0,0.004028484,0,0,0,0,0,0,0,0,0.011597152,0,0,0.004923703,0,0,0,0,0,0,0
EM-M-134_S14,EM,July,Bombus.pascuorum,0,0,0,0,0,0,0,0,0,0,0,0,0,0,0,0,0,0,0,0,0.001739909,0,0,0,0,0,0,0,0,0,0,0,0,0,0,0,0,0,0,0,0,0,0,0,0,0,0,0,0,0,0,0,0.003728375,0,0,0,0,0,0,0,0,0,0,0,0,0,0,0,0,0,0,0,0,0,0,0,0,0,0,0,0,0,0,0,0,0,0,0,0,0,0,0,0,0,0,0,0,0,0,0,0,0,0,0,0,0,0,0,0,0,0,0,0,0,0,0,0,0,0,0,0,0,0,0,0,0,0,0,0,0,0,0,0,0,0.002038179,0,0,0,0,0,0,0,0,0,0.001093657,0,0.930105389,0,0,0,0,0,0,0,0,0,0,0,0,0,0,0,0,0,0,0,0,0,0,0.000695963,0.05498111,0,0,0,0,0,0.005617419,0
EM-M-138_S22,EM,July,Bombus.terrestris,0,0,0,0,0,0,0,0,0,0,0.013809711,0,0,0,0,0,0,0,0,0,0,0,0,0,0,0,0,0,0,0,0,0,0,0,0,0,0,0,0,0,0,0,0,0,0,0,0,0,0,0,0,0,0.001818361,0,0,0,0.043247494,0,0,0.000688028,0,0,0,0,0,0,0,0,0,0,0,0,0.000786318,0,0,0,0,0,0.000491449,0,0,0,0,0,0,0,0,0,0,0,0,0,0,0,0,0,0,0,0,0,0,0,0,0.005504226,0,0,0,0,0,0,0.00412817,0,0,0,0,0,0,0.006093965,0,0,0,0,0,0,0,0,0,0,0,0,0,0,0,0,0.002408099,0,0,0,0,0,0,0,0,0,0,0,0.000933753,0,0,0,0,0,0,0,0,0,0,0,0,0,0,0,0,0,0,0,0,0.127039512,0.000540594,0.000491449,0.792018872,0,0,0,0,0,0,0
EM-M-139_S30,EM,July,Bombus.terrestris,0,0,0,0,0.000359039,0,0,0,0,0,0,0,0,0,0,0,0,0,0,0,0.013463955,0,0,0,0,0,0,0,0,0,0,0,0,0,0,0,0,0,0,0,0,0,0,0,0,0,0,0,0,0,0,0,0.969584284,0,0,0,0,0,0,0,0,0,0,0,0,0,0,0,0,0,0,0,0,0,0,0,0,0,0,0,0,0,0,0,0,0,0,0,0,0,0,0,0,0,0,0,0,0,0,0,0,0,0,0,0,0,0,0,0,0,0,0,0,0,0,0,0,0,0,0,0,0,0,0,0,0,0,0,0,0,0,0,0,0,0,0,0,0,0.000718078,0,0,0,0,0,0.000487267,0,0.009335009,0,0,0,0,0,0,0,0,0,0,0.000384684,0,0,0,0,0,0,0,0,0,0,0,0,0.005667684,0,0,0,0,0,0,0
EM-M-140_S38,EM,July,Bombus.lapidarius,0,0,0,0,0,0,0,0,0,0,0,0,0,0,0,0,0,0,0,0,0.064271661,0,0,0,0,0,0,0,0,0,0,0,0,0,0,0,0.003764969,0,0,0,0,0,0,0,0,0,0,0,0,0,0,0,0.494692609,0,0,0,0,0,0,0.000291481,0,0,0.000582963,0,0.001263086,0,0,0,0,0,0,0,0,0,0,0,0,0,0,0,0,0,0,0,0,0,0,0,0,0,0,0,0,0,0,0,0,0,0,0,0,0.000874444,0,0,0,0,0,0,0.001530278,0,0,0,0,0,0,0,0,0.001530278,0,0,0,0,0,0,0,0,0,0,0,0,0,0,0,0,0.002963395,0,0,0,0.001773179,0,0,0,0,0,0.000388642,0,0.047049965,0,0,0,0,0,0,0,0,0,0,0,0.000752994,0,0,0,0,0,0,0.001894629,0,0,0,0,0.376375428,0,0,0,0,0,0,0
ET-M-005_S54,ET,July,Bombus.terrestris,0,0.000478752,0,0,0,0,0,0,0,0,0,0,0,0,0,0,0,0,0,0,0.001661551,0,0,0,0,0,0,0,0,0,0,0,0,0,0,0,0,0,0,0,0,0,0,0,0,0,0,0,0,0,0,0,0.005266271,0,0,0,0,0,0,0,0,0,0.000732209,0,0,0,0,0,0,0,0,0,0,0,0,0,0,0,0,0,0,0,0,0,0,0,0,0,0,0,0,0,0,0,0,0,0,0,0,0,0,0,0,0,0,0,0,0,0,0,0,0,0,0,0,0,0,0.00315413,0,0,0,0,0,0,0,0,0,0,0,0,0,0,0,0,0,0,0,0,0,0,0,0,0,0,0.001041989,0,0.130755583,0,0,0,0,0,0,0,0,0,0,0,0,0,0,0,0,0,0,0,0,0,0,0,0.856487088,0,0,0.000422428,0,0,0,0
ET-M-008_S62,ET,July,Bombus.terrestris,0,0,0,0,0.00065703,0,0,0,0,0,0,0,0,0,0,0,0,0,0,0,0.003643531,0,0,0,0,0,0,0,0,0,0,0,0,0,0,0,0,0,0,0,0,0,0,0,0,0,0,0,0,0,0,0,0.009556803,0,0,0,0,0,0,0.00101541,0,0,0,0,0,0,0,0,0,0,0,0,0,0,0,0,0,0,0,0,0,0,0,0,0,0,0,0,0,0,0,0,0,0,0,0,0,0,0,0,0,0,0,0,0,0,0,0,0,0,0,0,0,0,0,0,0,0.001672441,0,0,0,0,0,0,0,0,0,0,0,0,0,0,0,0,0,0,0,0,0,0,0,0,0,0,0.002508661,0,0.567853303,0,0,0,0,0,0,0,0,0,0,0,0,0,0,0,0,0,0,0.003165691,0,0,0,0.050770517,0.359156612,0,0,0,0,0,0,0
ET-M-013_S70,ET,July,Bombus.lapidarius,0,0,0,0,0.000910833,0,0,0,0,0,0,0,0,0,0,0,0,0,0,0,0.022582368,0,0,0,0,0,0,0,0,0,0,0,0,0,0,0,0.000910833,0,0,0,0,0,0,0,0,0,0,0,0,0,0,0,0.086905996,0,0,0,0,0,0,0,0,0,0.025000785,0,0,0,0,0,0,0,0,0,0,0,0,0,0,0,0,0,0,0,0,0,0,0,0,0,0,0,0,0,0,0,0,0,0,0.002198562,0,0,0,0,0,0,0,0,0,0,0.000785201,0,0,0,0,0,0,0,0,0.003549106,0,0,0,0,0,0,0,0,0,0,0,0,0.001256321,0,0.009579447,0,0,0,0,0,0,0,0,0,0,0,0.00047112,0.000502528,0.000596752,0,0,0,0,0,0,0,0,0,0,0,0,0,0,0,0,0,0,0.001381953,0,0,0,0.000565344,0.842802852,0,0,0,0,0,0,0
ET-M-019_S78,ET,July,Bombus.pascuorum,0,0,0,0,0,0,0,0,0,0,0,0,0,0,0,0,0,0,0,0,0,0,0,0,0,0,0,0,0,0,0,0,0,0,0,0,0,0,0,0,0,0,0,0,0,0,0,0,0,0,0,0,0,0,0,0,0,0,0,0,0,0,0,0,0,0,0,0,0,0,0,0,0,0,0,0,0,0,0,0,0,0,0,0,0,0,0,0,0,0,0,0,0,0,0,0,0,0,0,0,0,0,0,0,0,0,0,0,0,0,0,0,0,0,0,0,0,0.004633108,0,0,0,0,0,0,0,0,0,0,0,0,0,0,0,0,0,0,0,0,0,0,0,0,0,0,0.000344353,0,0.058258202,0,0,0,0,0,0,0,0,0,0,0,0,0.000313048,0,0,0.001972201,0,0,0,0,0,0,0,0.934479088,0,0,0,0,0,0,0
ET-M-020_S86,ET,July,Bombus.pascuorum,0,0,0,0,0,0,0,0,0,0,0,0,0,0,0,0,0,0,0,0,0,0,0,0,0,0,0,0,0,0,0,0,0,0,0,0,0,0,0,0,0,0,0,0,0,0,0,0,0,0,0,0,0.000618325,0,0,0,0,0,0,0,0,0,0,0,0,0,0,0,0,0,0,0,0,0,0,0,0,0,0,0,0,0,0,0,0,0,0,0,0,0,0,0,0,0,0,0,0,0,0,0,0,0,0,0,0,0,0,0,0,0,0,0,0,0,0,0,0,0.002417088,0,0,0,0,0,0,0,0,0,0,0,0,0,0,0,0,0,0,0,0,0,0,0,0,0,0,0.0024733,0,0.275548061,0,0,0,0,0,0,0,0,0,0,0,0,0,0,0,0.013097246,0,0,0,0,0,0,0,0.705845981,0,0,0,0,0,0,0
ET-M-022_S94,ET,July,Bombus.lapidarius,0,0,0,0,0,0,0,0,0,0,0,0,0,0,0,0,0,0,0,0,0.000498461,0,0,0,0,0,0,0,0,0,0,0,0,0,0,0,0,0,0,0,0,0,0,0,0,0,0,0,0,0,0,0,0.001348776,0,0,0,0,0,0,0,0,0,0.000439818,0,0,0,0,0,0,0,0,0,0,0,0,0,0,0,0,0,0,0,0,0,0,0,0,0,0,0,0,0,0,0,0,0,0,0,0,0,0,0,0,0,0,0,0,0,0,0,0,0,0,0,0,0,0,0.004368861,0,0,0,0,0,0,0,0,0,0,0,0,0,0,0,0,0,0,0,0,0,0,0,0,0,0,0,0,0.001436739,0,0,0,0,0,0,0,0,0,0,0,0,0,0,0,0,0,0,0.000527782,0,0,0,0,0.991379563,0,0,0,0,0,0,0
ET-M-024_S7,ET,July,Bombus.terrestris,0,0,0,0,0,0,0,0,0,0,0,0,0,0,0,0,0,0,0,0,0.001338115,0,0,0,0,0,0,0,0,0,0,0,0,0,0,0,0,0,0,0,0,0,0,0,0,0,0,0,0,0,0,0,0.003800246,0,0,0,0.000642295,0,0,0,0,0,0.000909918,0,0,0,0,0,0,0,0,0,0,0,0,0,0,0,0,0,0,0,0,0,0,0,0,0,0,0,0,0,0,0,0,0,0,0,0,0,0,0,0,0,0,0,0,0,0,0,0,0,0,0,0,0,0,0.003318525,0,0,0,0,0,0,0,0,0,0,0,0,0,0,0,0,0,0,0,0,0,0,0,0,0,0,0,0,0.000909918,0,0,0,0,0,0,0,0,0,0,0,0,0,0,0,0,0,0,0,0,0.001552213,0,0.001016967,0.986511802,0,0,0,0,0,0,0
ET-M-027_S15,ET,July,Bombus.terrestris,0,0,0,0,0,0,0,0,0,0,0,0,0,0,0,0,0,0,0,0,0,0,0,0,0,0,0,0,0,0,0,0,0,0,0,0,0,0,0,0,0,0,0,0,0,0,0,0,0,0,0,0,0,0,0,0,0,0,0,0,0,0,0,0,0,0,0,0,0,0,0,0,0,0,0,0,0,0,0,0,0,0,0,0,0,0,0,0,0,0,0,0,0,0,0,0,0,0,0,0,0,0,0,0,0,0,0,0,0,0,0,0,0,0,0,0,0,0,0,0,0,0,0,0,0,0,0,0,0,0,0,0,0,0,0,0,0,0,0,0,0,0,0,0,0,0,0.997845049,0,0,0,0,0,0,0,0,0,0,0,0,0,0,0,0,0,0,0,0,0,0,0,0.002154951,0,0,0,0,0,0,0
ET-M-028_S23,ET,July,Bombus.lapidarius,0,0,0,0,0,0,0,0,0,0,0,0,0,0,0,0,0,0,0,0,0,0,0,0,0,0,0,0,0,0,0,0,0,0,0,0,0,0,0,0,0,0,0,0,0,0,0,0,0,0,0,0,0,0,0,0,0,0,0,0,0,0,0,0,0,0,0,0,0,0,0,0,0,0,0,0,0,0,0,0,0,0,0,0,0,0,0,0,0,0,0,0,0,0,0,0,0,0,0,0,0,0,0,0,0,0,0,0,0,0,0,0,0,0,0,0,0,0.006613802,0,0,0,0,0,0,0,0,0,0,0,0,0,0,0,0,0,0,0,0,0.000934935,0,0,0,0,0,0,0,0,0,0,0,0,0,0,0,0,0,0,0,0,0,0,0,0,0,0,0,0,0,0,0,0.992451262,0,0,0,0,0,0,0
ET-M-030_S31,ET,July,Bombus.lapidarius,0,0,0,0,0,0,0,0,0,0,0,0,0,0,0,0,0,0,0,0,0,0,0,0,0,0,0,0,0,0,0,0,0,0,0,0,0,0,0,0,0,0,0,0,0,0,0,0,0,0,0,0,0,0,0,0,0,0,0,0,0,0,0,0,0,0,0,0,0,0,0,0,0,0,0,0,0,0,0,0,0,0,0,0,0,0,0,0,0,0,0,0,0,0,0,0,0,0,0,0,0,0,0,0,0,0,0,0,0,0,0,0,0,0,0,0,0,0,0,0,0,0,0,0,0,0,0,0,0,0,0,0,0,0,0,0,0,0,0,0,0,0,0,0,0,0,0,0,0,0,0,0,0,0,0,0,0,0,0,0,0,0,0,0,0,0,0,0,0,0,1,0,0,0,0,0,0,0
ET-M-031_S39,ET,July,Bombus.terrestris,0,0,0,0,0,0,0,0,0,0,0,0,0,0,0,0,0,0,0,0,0.001310731,0,0,0,0,0,0,0,0,0,0,0,0,0,0,0,0,0,0,0,0,0,0,0,0,0,0,0,0,0,0,0,0.002097169,0,0,0,0,0,0,0,0,0,0,0,0.006204124,0,0,0,0,0,0,0,0,0,0,0,0,0,0,0,0,0,0,0,0,0,0,0,0,0,0,0,0,0,0,0,0,0,0,0,0,0,0,0,0,0,0,0,0,0,0,0,0,0,0,0,0,0.002970989,0,0,0,0,0,0,0,0,0,0,0,0,0,0,0,0,0,0,0,0,0,0,0,0,0,0,0.001223348,0,0.202813702,0,0,0,0,0,0,0,0,0,0,0,0,0,0,0,0,0,0,0,0,0,0,0,0.783379937,0,0,0,0,0,0,0
ET-M-033_S47,ET,July,Bombus.pascuorum,0,0.002347657,0,0,0,0,0,0,0,0,0,0,0,0,0,0,0,0,0,0,0.007094008,0,0,0,0,0,0,0,0,0,0,0,0,0,0,0,0,0,0,0,0,0,0,0,0,0,0,0,0,0,0,0,0.024599367,0,0,0,0,0,0,0.005613963,0,0,0,0,0.001531081,0,0,0,0,0,0,0,0,0,0,0,0,0,0,0,0,0,0,0,0,0,0,0,0,0,0.054302337,0,0,0,0,0,0,0,0,0,0,0,0,0,0,0,0,0,0,0,0,0,0,0,0,0,0,0.001786261,0,0,0,0,0,0,0,0,0,0,0,0,0,0,0,0,0,0,0,0,0,0,0,0,0,0,0.001122793,0,0.193732775,0,0,0,0,0,0,0,0.00051036,0,0,0.01556599,0,0,0,0,0,0,0,0,0,0,0,0.009237522,0.440747168,0,0,0.003827702,0,0,0.237981015,0
ET-M-034_S55,ET,July,Bombus.pascuorum,0,0,0,0,0,0,0,0,0,0,0,0,0,0,0,0,0,0,0,0,0.000984673,0,0,0,0,0,0,0,0,0,0,0,0,0,0,0,0,0,0,0,0,0,0,0,0,0,0,0,0,0,0,0,0.00158404,0,0,0,0,0,0,0.000770614,0,0,0,0,0,0,0,0,0,0,0,0,0,0,0,0,0,0,0,0,0,0,0,0,0,0,0,0,0,0,0.000513743,0,0,0,0,0,0,0,0,0,0,0,0,0,0,0,0,0,0,0,0,0,0,0,0,0,0,0.001498416,0,0,0,0,0,0,0,0,0,0,0,0,0,0,0,0,0,0,0,0,0,0,0,0,0,0,0.00363901,0.000727802,0.603904444,0,0,0,0,0,0,0,0,0,0,0,0,0,0,0,0,0,0,0,0,0,0,0.089219967,0.294203271,0,0,0,0,0,0.00295402,0
ET-M-056_S63,ET,July,Bombus.pascuorum,0,0,0,0,0,0,0,0,0,0,0,0,0,0,0,0,0,0,0,0,0.050289957,0,0,0,0,0,0,0,0,0,0,0,0,0,0,0,0.000398883,0,0,0,0,0,0,0,0,0,0,0,0,0,0,0,0.30253751,0,0.023687521,0,0,0,0,0.004510448,0,0,0,0,0,0,0,0,0,0,0,0,0,0,0,0,0,0,0,0,0,0,0,0,0,0,0,0,0,0,0,0,0,0,0,0,0,0.0007364,0,0,0,0,0,0,0,0,0,0,0.000675033,0,0,0,0,0,0,0,0,0.0003682,0,0,0,0,0,0,0,0,0,0,0,0,0,0,0,0,0,0,0,0,0,0,0,0,0,0,0,0,0.013746126,0,0,0,0,0,0,0,0,0,0,0,0.002209199,0,0,0,0,0,0,0.0003682,0,0,0.000981866,0.520419748,0.079070909,0,0,0,0,0,0,0
ET-M-058_S71,ET,July,Bombus.pascuorum,0,0,0,0,0,0,0,0,0,0,0,0,0,0,0,0,0,0,0,0,0,0,0,0,0,0,0,0,0,0,0,0,0,0,0,0,0,0,0,0,0,0,0,0,0,0,0,0,0,0,0,0,0,0,0,0,0,0,0,0.00111908,0,0,0,0,0,0,0,0,0,0,0,0,0,0,0,0,0,0,0,0,0,0,0,0,0,0,0,0,0,0,0,0,0,0,0,0,0,0,0,0,0,0,0,0,0,0,0,0,0,0,0,0,0,0,0,0,0,0,0.004018516,0,0,0,0,0,0,0,0,0,0,0,0,0,0,0,0,0,0,0,0.000813877,0,0,0,0,0,0.001424284,0.00055954,0.7759296,0,0,0,0,0,0,0,0,0,0,0.000508673,0,0,0,0,0.005493667,0,0,0,0,0,0,0.137952083,0.069535582,0,0,0,0,0,0.002645099,0
ET-M-059_S79,ET,July,Bombus.terrestris,0,0,0,0,0,0,0,0,0,0,0,0,0,0,0,0,0,0,0,0,0,0,0,0,0,0,0,0,0,0,0,0,0,0,0,0,0,0,0,0,0,0,0,0,0,0,0,0,0,0,0,0,0.00060677,0,0,0,0,0,0,0,0,0,0,0,0.000563429,0,0,0,0,0,0,0,0,0,0,0,0,0,0,0,0,0,0,0,0,0,0,0,0,0,0,0,0,0,0,0,0,0,0,0,0,0,0,0,0,0,0,0,0,0,0,0,0,0,0,0,0,0.004724136,0,0,0,0,0,0,0,0,0,0,0,0,0,0,0,0,0,0,0,0,0,0,0,0,0,0,0,0,0.029861743,0,0,0,0,0,0,0,0,0,0,0,0,0,0,0,0,0,0,0,0,0.000520088,0,0.019373293,0.94435054,0,0,0,0,0,0,0
ET-M-060_S87,ET,July,Bombus.terrestris,0,0,0,0,0,0,0,0,0,0,0,0,0,0,0,0,0,0,0,0,0.004050686,0,0,0,0,0,0,0,0,0,0,0,0,0,0,0,0,0,0,0,0,0,0,0,0,0,0,0,0,0,0,0,0.019110926,0,0,0,0,0,0,0,0,0,0,0,0.009520842,0,0,0,0,0,0,0,0,0,0,0,0,0,0,0,0,0,0,0,0,0.00110788,0,0,0,0,0,0,0,0,0,0,0,0.001350229,0,0,0,0,0,0,0,0,0,0,0.000380834,0,0,0,0,0,0,0,0,0.003358261,0,0,0,0,0,0,0,0,0,0,0,0,0,0,0,0,0,0,0,0,0,0,0,0,0,0,0,0,0.004362277,0,0,0,0,0,0,0,0,0,0,0,0,0,0,0,0,0,0,0,0,0,0,0.010247888,0.946510179,0,0,0,0,0,0,0
ET-M-063_S95,ET,July,Bombus.terrestris,0,0,0,0,0.000683216,0,0,0,0,0,0,0,0,0,0,0,0,0,0,0,0.001333897,0,0.001886977,0,0,0,0,0,0,0,0.001984579,0,0,0,0,0,0,0,0,0,0,0,0,0,0,0,0,0,0,0,0,0,0.003416078,0,0,0,0,0,0,0.000422943,0,0,0.001496568,0,0.005693464,0,0,0,0,0,0,0,0,0,0,0,0,0,0,0,0,0,0,0,0,0,0,0,0,0,0,0,0,0,0,0,0,0,0,0,0,0,0,0,0,0,0,0,0,0.000585613,0,0,0,0.000325341,0,0,0,0.003416078,0,0,0.000422943,0,0,0,0,0,0,0,0,0,0,0,0,0,0,0,0,0,0,0,0,0.004164362,0,0,0.001626704,0.000520545,0.209454403,0.002700329,0,0,0,0,0,0,0,0,0,0,0,0,0,0,0,0,0,0,0,0,0.000553079,0,0.75931288,0,0,0,0,0,0,0
ET-M-069_S8,ET,July,Bombus.terrestris,0,0,0,0,0,0,0,0,0,0,0,0,0,0,0,0,0,0,0,0,0,0,0,0,0,0,0,0,0,0,0,0,0,0,0,0,0,0,0,0,0,0,0,0,0,0,0,0,0,0,0,0,0.001755413,0,0,0,0,0,0,0,0,0,0,0,0,0,0,0,0,0,0,0,0,0,0,0,0,0,0,0,0,0,0,0,0,0,0,0,0,0,0,0,0,0,0,0,0,0,0,0,0,0,0,0,0,0,0,0,0,0,0,0,0,0,0,0,0,0,0,0,0,0,0,0,0,0,0,0,0,0,0,0,0,0,0,0,0,0,0,0,0,0,0,0,0,0,0.998244587,0,0,0,0,0,0,0,0,0,0,0,0,0,0,0,0,0,0,0,0,0,0,0,0,0,0,0,0,0,0,0
ET-M-071_S16,ET,July,Bombus.pascuorum,0,0,0,0,0,0,0,0,0,0,0,0,0,0,0,0.000915285,0,0,0,0,0,0,0,0,0,0,0,0,0,0,0,0,0,0,0,0,0,0,0,0,0,0,0,0,0,0,0,0,0,0,0,0,0,0.000915285,0,0,0,0,0,0,0,0,0,0,0,0,0,0,0,0,0,0,0,0,0,0,0,0,0,0,0,0,0,0,0,0,0,0,0.001067833,0,0,0,0,0,0,0,0,0,0,0,0,0,0,0,0,0,0,0,0,0,0,0,0,0,0,0,0,0.000762738,0,0,0,0,0,0,0,0,0,0,0,0,0,0,0,0,0.000762738,0,0,0,0,0,0,0,0,0,0.003762839,0.00122038,0.481185803,0,0,0,0,0,0,0,0,0,0,0,0,0,0,0,0.125902573,0,0,0,0,0.001118682,0,0.00991559,0.372470253,0,0,0,0,0,0,0
ET-M-100_S24,ET,July,Bombus.terrestris,0,0,0,0,0,0,0,0,0,0,0,0,0,0,0,0,0,0,0,0,0.000524636,0,0,0,0,0,0,0,0,0,0,0,0,0,0,0,0,0,0,0,0,0,0,0,0,0,0,0,0,0,0,0,0.000743234,0,0,0,0,0,0,0,0,0,0,0,0,0,0,0,0,0,0,0,0,0,0,0,0,0,0,0,0,0,0,0,0,0,0,0,0,0,0,0,0,0,0,0,0,0.000786954,0,0,0,0,0,0,0,0,0,0,0,0,0,0,0,0,0,0,0,0.004546846,0,0,0,0,0,0,0,0,0,0,0,0,0,0,0,0,0,0,0,0,0,0,0,0,0,0,0.000699515,0,0.089275565,0,0,0,0,0,0,0,0,0,0,0,0,0,0,0,0,0,0,0,0,0,0,0,0.90342325,0,0,0,0,0,0,0
ET-M-102_S32,ET,July,Bombus.lapidarius,0,0,0,0,0,0,0,0,0,0,0,0,0,0,0,0,0,0,0,0,0.000536321,0,0,0,0,0,0,0,0,0,0,0,0,0,0,0,0,0,0,0,0,0,0,0,0,0,0,0,0,0,0,0,0.002413444,0,0,0,0,0,0,0,0,0,0,0,0,0,0,0,0,0,0,0,0,0,0,0,0,0,0,0,0,0,0,0,0,0,0,0,0,0,0,0,0,0,0,0,0,0.000804481,0,0,0,0,0,0,0,0,0,0,0,0,0,0,0,0,0,0,0,0.00223467,0,0,0,0,0,0,0,0,0,0,0,0,0,0,0,0,0,0,0,0,0,0,0,0,0,0,0.000864072,0,0.109022108,0,0,0,0,0,0,0,0,0,0,0,0,0,0,0,0,0,0,0,0,0,0,0,0.884124903,0,0,0,0,0,0,0
ET-M-105_S40,ET,July,Bombus.terrestris,0,0,0,0,0,0,0,0,0,0,0,0,0,0,0,0,0,0,0,0,0.001142449,0,0,0,0,0,0,0,0,0,0,0,0,0,0,0,0,0,0,0,0,0,0,0,0,0,0,0,0,0,0,0,0.001892181,0,0,0,0,0,0,0,0,0,0,0,0,0,0,0,0,0,0,0,0,0,0,0,0,0,0,0,0,0,0,0,0,0,0,0,0,0,0,0,0,0,0,0,0,0,0,0,0,0,0,0,0,0,0,0,0,0,0,0,0,0,0,0,0,0.000571225,0,0,0,0,0,0,0,0,0,0,0,0,0,0,0,0,0,0,0,0,0,0,0,0,0,0,0.00324884,0.000357015,0.808068547,0,0,0,0,0,0,0,0,0,0,0,0,0,0,0,0,0,0,0,0,0,0,0,0.184719743,0,0,0,0,0,0,0
ET-M-107_S48,ET,July,Bombus.lapidarius,0,0,0,0,0,0,0,0,0,0,0,0,0,0,0,0,0,0,0,0,0.012308345,0,0,0,0,0,0,0,0,0,0.000742745,0,0,0,0,0,0,0,0,0,0,0,0,0,0,0,0,0,0,0,0,0,0.037614728,0,0,0,0,0,0,0,0,0,0.000848851,0,0.000795798,0,0,0,0,0,0,0,0,0,0,0,0,0,0,0,0,0,0,0,0,0,0,0,0,0,0,0,0,0,0,0,0,0.00164465,0,0,0.000848851,0,0,0,0,0,0,0,0,0,0,0,0,0,0,0,0,0.001591596,0,0,0,0,0,0,0,0,0,0,0,0,0,0,0,0,0,0,0,0,0,0,0,0,0,0,0.000636639,0,0.057668842,0,0,0,0,0,0,0,0,0,0,0,0,0,0,0,0,0,0,0.001273277,0,0,0,0,0.883495146,0,0,0.000530532,0,0,0,0
ET-M-110_S56,ET,July,Bombus.pascuorum,0,0,0,0,0,0,0,0,0,0,0,0,0,0,0,0,0,0,0,0,0,0,0,0,0,0,0,0,0,0,0,0,0,0,0,0,0,0,0,0,0,0,0,0,0,0,0,0,0,0,0,0,0.000563678,0,0,0,0,0,0,0,0,0,0.001761494,0,0,0,0,0,0,0,0,0,0,0,0,0,0,0,0,0,0,0,0,0,0,0,0,0,0,0,0,0,0,0,0,0,0,0,0,0,0,0,0,0,0,0,0,0,0,0,0,0,0,0,0,0,0,0.002149022,0,0,0,0,0,0,0,0,0,0,0,0,0,0,0,0,0,0,0,0,0,0,0,0,0,0,0,0,0.003382068,0,0,0,0,0,0,0,0,0,0,0,0,0,0,0,0,0,0,0,0,0,0,0,0.992143738,0,0,0,0,0,0,0
ET-M-113_S64,ET,July,Bombus.lapidarius,0,0,0,0,0,0,0,0,0,0,0,0,0,0,0,0,0,0,0,0,0,0,0,0,0,0,0,0,0,0,0,0,0,0,0,0,0,0,0,0,0,0,0,0,0,0,0,0,0,0,0,0,0,0,0,0,0,0,0,0,0,0,0.000888971,0,0,0,0,0,0,0,0,0,0,0,0,0,0,0,0,0,0,0,0,0,0,0,0,0,0,0,0,0,0,0,0,0,0,0,0,0.000337196,0,0,0,0,0,0,0,0,0,0,0,0,0,0,0,0,0,0.003341303,0,0,0,0,0,0,0,0,0,0,0,0,0,0,0,0,0,0,0,0,0,0,0,0,0,0,0,0,0.007387653,0,0,0,0,0,0,0,0,0,0,0,0,0,0,0,0,0,0,0,0,0,0,0,0.988044878,0,0,0,0,0,0,0
ET-M-114_S72,ET,July,Bombus.pascuorum,0,0,0,0,0,0,0,0,0,0,0,0,0,0,0,0,0,0,0,0,0.000477308,0,0,0,0,0,0,0,0,0,0,0,0,0,0,0,0,0,0,0,0,0,0,0,0.00027843,0,0,0,0,0,0,0,0.000676186,0,0,0,0,0,0,0.000338093,0,0,0,0,0,0,0,0,0,0,0,0,0,0,0,0,0,0,0,0,0,0,0,0,0,0,0,0,0,0,0,0,0,0,0,0,0,0,0,0,0,0,0,0,0,0,0,0,0,0,0,0,0,0,0,0,0,0.002267213,0,0,0,0,0,0,0,0,0,0,0,0,0,0,0.000835289,0,0,0,0,0,0,0,0,0,0,0,0,0,0.003241717,0,0,0,0,0,0,0,0,0,0,0,0,0,0,0,0,0,0,0,0,0,0.000357981,0.088878724,0.902649059,0,0,0,0,0,0,0
ET-M-116_S80,ET,July,Bombus.pascuorum,0,0,0,0,0,0,0,0,0,0,0.021034222,0,0,0,0,0,0,0,0,0,0.064095292,0,0,0,0,0,0,0,0.001087162,0,0,0,0,0,0,0,0,0,0,0,0,0,0,0,0,0,0,0,0,0,0,0,0.74910191,0,0,0,0,0,0,0,0,0,0,0,0,0,0,0,0,0,0,0,0,0,0,0,0,0,0,0,0,0,0,0,0,0,0,0,0,0,0,0,0,0,0,0,0,0,0,0,0,0,0,0,0,0,0,0,0,0,0,0,0,0,0,0,0,0,0,0,0,0,0,0,0,0,0,0,0,0,0,0,0,0,0,0,0,0,0,0,0,0,0,0,0.000661751,0,0.139582152,0,0,0,0,0,0,0,0,0,0.001087162,0.013045944,0.004159576,0,0,0,0.002599735,0,0,0,0,0.000709019,0,0,0.001465305,0,0,0.00137077,0,0,0,0
ET-M-118_S88,ET,July,Bombus.pascuorum,0,0.000280183,0,0,0,0,0,0,0,0,0,0,0,0,0,0,0,0,0,0,0.097755737,0,0,0,0,0,0,0,0.000672438,0,0,0,0,0,0,0,0,0,0,0,0,0,0,0,0,0,0,0,0,0,0,0,0.522904934,0,0,0,0,0,0,0,0,0,0,0,0,0,0,0,0,0,0,0,0,0,0,0,0,0,0,0,0,0,0,0,0,0,0,0,0,0,0,0,0,0,0,0,0,0,0,0,0,0,0,0,0,0,0,0,0,0,0,0,0,0,0,0,0,0,0,0,0,0,0,0,0,0,0,0,0,0,0,0,0,0,0,0,0,0,0,0,0,0,0,0,0,0,0.37463226,0,0,0,0,0,0,0,0,0,0,0,0.000336219,0,0,0,0,0,0,0,0,0,0,0,0.001512986,0,0,0.001905242,0,0,0,0
B-L-001_S1,B,Sept,Bombus.terrestris,0,0,0,0,0,0,0,0,0,0,0.001519073,0,0,0,0,0,0,0,0,0,0.09868347,0,0,0,0,0,0,0,0,0,0,0,0,0,0,0,0,0,0,0,0,0.00056262,0,0,0.02244852,0,0,0,0,0,0.033644649,0,0.679869472,0,0,0,0,0,0,0,0,0,0,0,0,0,0,0,0,0,0,0,0,0.000675143,0,0,0,0,0,0,0,0,0,0,0,0,0,0,0,0,0,0,0,0,0,0,0,0,0,0,0,0,0,0,0,0,0,0,0,0,0,0,0,0,0,0,0,0,0,0,0,0,0,0,0,0,0,0,0,0,0,0,0,0,0,0,0,0,0,0,0,0,0,0,0,0,0.001462811,0,0,0,0,0,0,0,0,0,0,0,0.009902104,0.000956453,0,0,0,0,0,0.148193991,0,0,0,0,0.001462811,0,0,0.000618882,0,0,0,0
B-L-005_S9,B,Sept,Bombus.terrestris,0,0,0,0,0,0,0,0,0,0,0,0,0,0,0,0,0.000439382,0,0,0,0.033663433,0,0,0,0,0,0,0,0,0,0,0,0,0,0,0,0,0,0,0,0,0,0,0,0.008348261,0,0,0,0,0,0,0,0.907493156,0,0,0,0,0,0,0,0,0,0,0,0,0,0,0,0,0,0,0,0,0.003312266,0,0,0,0,0,0,0.000405584,0,0,0.002839085,0,0,0,0,0,0,0,0,0,0,0,0,0,0,0,0,0,0,0,0,0,0,0,0,0,0.000540778,0,0,0,0,0,0,0,0,0,0,0,0,0,0,0,0,0,0,0,0,0,0,0,0,0,0,0,0,0,0,0,0,0,0,0.001520938,0,0.001757529,0,0,0,0,0,0,0,0,0,0,0.002264508,0.000844966,0.001858925,0,0,0,0,0,0.032818468,0,0,0,0,0.000912563,0,0,0.00098016,0,0,0,0
B-L-008_S17,B,Sept,Bombus.pascuorum,0,0,0,0,0,0,0,0,0,0,0,0,0,0,0,0,0,0,0,0,0.048970662,0,0,0,0,0,0,0,0,0,0,0,0,0,0,0,0.00084142,0,0,0,0,0,0,0,0.020867224,0,0,0,0,0,0,0,0.366466596,0,0,0,0,0,0,0,0,0,0,0,0,0,0,0,0,0,0,0,0,0,0,0,0,0,0,0,0,0,0,0,0,0,0,0,0,0,0.000673136,0,0,0,0,0,0,0,0,0,0,0,0,0,0,0,0,0,0,0,0,0,0,0,0,0,0,0,0,0,0,0,0,0,0,0,0,0,0,0,0,0,0,0,0,0,0,0,0,0,0,0,0,0,0,0,0.005216806,0,0,0,0,0,0,0,0,0,0,0,0,0.000617042,0,0,0,0,0,0.514556571,0,0,0,0.002860829,0.038929713,0,0,0,0,0,0,0
B-L-013_S25,B,Sept,Bombus.terrestris,0,0,0,0,0,0,0,0,0,0,0,0,0,0,0,0,0,0,0,0,0.038699128,0,0,0,0,0,0,0,0,0,0,0,0,0,0,0,0,0,0,0,0,0,0,0,0,0,0,0,0,0,0,0,0.869519138,0,0,0,0,0,0.001453488,0.000817587,0,0,0,0,0,0,0,0,0,0,0,0,0,0.02825218,0,0,0,0,0,0,0,0,0,0,0,0,0,0,0,0,0,0,0,0,0,0,0,0,0,0,0,0,0,0,0,0,0,0,0,0.003028101,0,0,0,0,0,0,0,0,0,0,0,0,0,0,0,0,0,0,0,0,0,0,0,0,0,0,0,0,0,0,0,0,0,0,0,0,0,0,0,0,0,0,0,0,0,0,0,0,0.000968992,0.001937984,0,0,0,0,0,0.054293847,0,0,0,0,0.001029554,0,0,0,0,0,0,0
B-L-016_S33,B,Sept,Bombus.pascuorum,0,0,0,0,0,0,0,0,0,0,0,0,0,0,0,0,0,0,0,0,0.014645795,0,0,0,0,0,0.005359512,0,0.00854338,0,0,0,0.056089148,0,0.004775803,0,0,0.001114354,0,0.000689838,0,0,0,0,0.003343062,0,0,0,0,0,0,0,0.041178031,0.001008225,0,0,0,0,0,0,0,0.144812948,0,0,0,0,0,0,0,0,0,0,0,0,0,0,0,0,0.002122579,0,0,0,0,0,0,0,0,0,0.003661449,0.402228708,0,0,0,0,0,0,0.001167418,0,0,0,0,0,0,0,0,0,0,0,0,0.013849828,0,0,0,0,0,0,0.000583709,0,0,0,0,0,0,0,0,0,0,0,0,0,0,0,0,0,0,0,0,0,0,0,0.004404351,0,0,0,0,0,0.004775803,0,0,0,0,0,0.002334837,0,0,0.001220483,0,0,0.00652693,0,0,0,0.002706288,0.094295569,0,0.029503847,0,0,0,0.100769435,0.028760945,0,0,0.008384187,0.011143539,0,0,0
B-L-019_S41,B,Sept,Bombus.pascuorum,0,0,0,0,0,0,0,0,0,0,0,0,0,0,0,0,0,0,0,0,0.004214691,0,0,0,0,0,0.682521934,0,0,0,0,0,0,0,0,0,0,0,0,0,0,0,0,0,0.01152589,0,0,0,0,0,0,0,0.004558748,0,0,0,0,0,0,0,0,0,0,0,0,0,0,0,0,0,0,0,0,0.002666437,0,0,0,0,0,0,0,0,0,0,0,0,0,0,0,0.002064339,0,0,0,0,0,0,0,0,0,0,0,0,0,0,0,0,0,0,0,0.00146224,0,0,0,0,0,0,0,0,0,0,0,0,0,0,0.000860141,0,0,0,0,0,0,0,0,0,0,0,0,0,0,0,0,0,0,0,0,0.001720282,0.102786857,0,0,0,0,0,0,0,0,0.026492345,0.003526578,0.093927404,0.00335455,0,0,0,0.011955961,0,0,0.009117495,0,0,0,0,0.022965766,0,0,0.014278342,0,0,0,0
B-L-029_S49,B,Sept,Bombus.pascuorum,0,0,0,0,0,0,0,0,0,0,0,0,0,0,0,0,0,0,0,0,0.129446765,0,0,0,0,0,0.000886188,0,0,0,0,0,0,0,0,0,0.005443727,0,0,0,0,0,0,0,0,0,0,0,0,0,0,0,0.155399418,0,0,0,0,0,0,0,0.005380428,0,0,0,0,0,0,0,0,0,0,0,0,0.00075959,0,0,0,0,0,0,0,0,0,0,0,0,0,0,0.000886188,0.00892518,0.021015318,0,0,0,0,0,0,0,0,0,0,0,0,0,0,0,0,0,0,0,0,0,0,0,0,0,0,0,0,0,0,0,0,0,0,0,0,0,0,0,0,0,0,0,0,0,0,0,0,0,0,0,0,0,0.00145588,0,0.517217369,0,0,0,0,0,0,0,0,0,0,0,0.004367641,0,0,0,0.005823522,0,0,0.00297506,0,0,0,0.025446259,0,0,0,0,0,0,0.114571465,0
B-L-035_S57,B,Sept,Bombus.terrestris,0,0,0,0,0,0,0,0,0,0,0,0,0,0,0,0,0,0,0,0,0.045846702,0,0,0,0,0,0,0,0,0,0,0,0,0,0,0,0.000392157,0,0,0,0,0,0,0,0,0,0,0,0,0,0,0,0.893796791,0,0,0,0,0,0,0,0,0,0,0,0,0,0,0,0,0,0,0,0,0,0,0,0,0,0,0,0,0,0,0,0,0,0,0,0,0,0.014402852,0,0,0,0,0,0,0,0,0,0,0,0,0,0,0,0,0,0,0,0,0,0,0,0,0,0,0,0,0,0,0,0,0,0,0,0,0,0,0,0,0,0,0,0,0,0,0,0,0,0,0,0,0,0,0,0.041568627,0,0,0,0,0,0,0,0,0,0,0,0,0,0,0,0,0,0,0.002566845,0,0,0,0.000463458,0.000427807,0,0,0,0,0,0.000534759,0
B-L-036_S65,B,Sept,Bombus.terrestris,0,0,0,0,0,0,0,0,0,0,0,0,0,0,0,0,0,0,0,0,0.01774225,0,0,0,0,0,0,0,0,0,0,0,0,0,0,0,0,0,0,0,0,0,0,0,0,0,0,0,0,0,0,0,0.974410216,0,0,0,0,0,0,0,0,0,0,0,0,0,0,0,0,0,0,0,0,0,0,0,0,0,0,0,0,0,0,0,0,0,0,0,0,0,0.003509456,0,0,0,0,0,0,0,0,0,0,0,0,0,0,0,0,0,0,0,0,0,0,0,0,0,0,0,0,0,0,0,0,0,0,0,0,0,0,0,0,0,0,0,0,0,0,0,0,0,0,0,0,0,0,0,0.002973289,0,0,0,0,0,0,0,0,0,0,0,0,0,0,0,0.000536167,0,0,0.000828622,0,0,0,0,0,0,0,0,0,0,0,0
B-L-040_S73,B,Sept,Bombus.pascuorum,0,0,0,0,0,0,0,0,0,0,0,0,0,0,0,0,0,0,0,0,0.05040267,0,0,0,0,0,0,0,0,0,0,0,0,0,0,0,0,0,0,0,0,0,0,0,0,0,0,0,0,0,0,0,0.858223352,0,0,0,0,0,0,0,0,0,0,0,0,0,0,0,0,0,0,0,0,0.001500444,0,0,0,0,0,0,0,0,0,0,0,0,0,0,0,0,0,0,0,0,0,0,0,0,0,0,0,0,0,0,0,0,0,0,0,0,0,0,0,0,0,0,0,0,0,0,0,0,0,0,0,0,0,0,0,0,0,0,0,0,0,0,0,0,0,0,0,0,0,0,0,0,0.085617172,0,0,0,0,0,0,0,0,0,0,0,0,0,0,0,0,0,0,0.00281716,0,0,0,0,0.001439201,0,0,0,0,0,0,0
B-L-044_S81,B,Sept,Bombus.terrestris,0,0,0,0,0,0,0,0,0,0,0,0,0,0,0,0,0,0,0,0,0.076931828,0,0,0,0,0,0,0,0,0,0,0,0,0,0,0,0,0,0,0,0,0,0,0,0,0,0,0,0,0,0,0,0.784164273,0,0,0,0,0,0,0,0,0,0,0,0,0,0,0,0,0,0,0,0,0,0,0,0,0,0,0,0,0,0,0,0,0,0,0,0,0,0.003412872,0,0,0,0,0,0,0,0,0,0,0,0,0,0,0,0,0,0,0,0,0,0,0,0,0,0,0,0,0,0,0,0,0,0,0,0,0,0,0,0,0,0,0,0,0,0,0,0,0,0,0,0,0,0,0,0.130343278,0,0,0,0,0,0,0,0,0,0,0.000341287,0,0,0,0,0,0,0,0.001365149,0,0,0,0.001023862,0.001933961,0,0,0,0,0,0.00048349,0
B-L-045_S89,B,Sept,Bombus.terrestris,0,0,0,0,0,0,0,0,0,0,0,0,0,0,0,0,0,0,0,0,0.01879502,0,0,0,0,0,0,0,0,0,0,0,0,0,0,0,0.000286219,0,0,0,0,0.004221724,0,0,0,0,0,0,0,0,0,0,0.962505367,0,0,0,0,0,0,0,0,0,0,0,0,0,0,0,0,0,0,0,0,0.000477031,0,0,0,0,0,0,0,0,0,0,0,0,0,0,0,0,0.000906359,0,0,0,0,0,0,0,0,0,0,0,0,0,0,0,0,0,0,0,0,0,0,0,0,0,0,0,0,0,0,0,0,0,0,0,0,0,0,0,0,0,0,0,0,0,0,0,0,0,0,0,0,0,0,0,0.004961122,0,0,0,0,0,0,0,0,0,0,0,0.001669608,0,0,0,0,0,0,0.002361303,0,0,0,0,0.003315365,0,0,0,0,0,0.000500883,0
B-L-047_S2,B,Sept,Bombus.pascuorum,0,0.003293437,0,0,0,0,0,0,0,0,0,0,0,0,0,0,0,0,0,0,0.061691702,0,0,0,0,0,0,0,0,0,0,0,0,0,0,0,0,0,0,0,0,0.000963933,0,0,0,0,0,0,0,0,0,0,0.781267572,0,0,0,0,0,0,0,0,0,0,0,0,0,0,0,0,0,0,0,0,0,0,0,0,0,0,0,0,0,0,0,0,0,0,0,0,0,0,0,0,0,0,0,0,0,0,0,0,0,0,0,0,0,0,0,0,0,0,0,0,0,0,0,0,0,0,0,0,0,0,0,0,0,0,0,0,0,0.002168849,0,0,0,0,0,0,0,0,0,0,0,0,0,0,0,0.120652261,0,0,0,0,0,0,0,0,0,0,0.002008193,0.002168849,0,0,0,0,0,0,0.01598522,0,0,0,0,0.002972126,0,0,0.006827858,0,0,0,0
B-L-057_S10,B,Sept,Bombus.terrestris,0,0,0,0,0,0,0,0,0,0,0.032142067,0,0,0,0,0,0,0.008353618,0,0,0.003429962,0,0,0,0,0,0,0,0,0,0,0,0,0,0,0,0,0,0,0,0,0,0,0,0.003319318,0,0,0,0,0,0.914416906,0.004370436,0.013111308,0,0,0,0,0,0,0,0,0,0,0,0,0,0,0,0,0,0,0,0,0.001936269,0,0,0,0,0,0,0,0,0,0,0,0,0,0,0,0,0,0,0,0,0,0,0,0,0,0,0,0,0,0,0,0,0,0,0,0,0,0,0,0,0,0,0,0,0,0,0,0,0,0,0,0,0,0,0,0,0,0,0,0,0,0,0,0,0,0,0,0,0,0,0,0,0.000774508,0,0,0.007413145,0,0,0,0,0,0,0,0,0.003540606,0,0,0,0,0,0,0.005255588,0,0,0,0,0.001936269,0,0,0,0,0,0,0
B-L-059_S18,B,Sept,Bombus.pascuorum,0,0,0,0,0,0,0,0,0,0,0.014514958,0,0,0,0,0,0,0.003790017,0,0,0.012498992,0,0,0,0,0,0,0,0,0,0,0,0,0,0,0,0,0,0,0,0,0,0,0,0,0,0,0,0,0,0.345617289,0,0.057334086,0,0,0,0,0,0,0,0,0,0,0,0,0,0,0,0,0,0,0,0,0.548342876,0,0,0,0,0,0,0,0,0,0,0,0,0,0,0,0,0,0,0,0,0,0,0,0,0,0,0,0,0,0,0,0,0,0,0,0,0,0,0,0,0,0,0,0,0,0,0,0,0,0,0,0,0,0,0,0,0,0,0,0,0,0,0,0,0,0,0,0,0,0,0,0,0.000967664,0,0,0.003709378,0,0,0,0,0,0,0,0,0.006047899,0,0,0,0,0,0,0.005160874,0,0,0,0,0.002015966,0,0,0,0,0,0,0
B-L-061_S26,B,Sept,Bombus.terrestris,0,0,0,0,0,0,0,0,0,0,0.007488708,0,0,0,0,0,0,0.001386798,0,0,0.320746493,0,0,0.004160393,0,0,0,0,0,0,0,0,0,0,0,0,0,0,0,0,0,0.006458515,0,0,0,0,0,0,0,0,0.23821222,0.001466043,0.051271892,0,0,0,0,0.003605674,0,0,0,0,0,0,0,0,0,0,0,0,0,0,0,0.252595293,0,0,0,0,0,0,0,0,0,0,0,0,0,0,0,0,0,0.000435851,0,0,0,0,0,0.000554719,0,0,0,0,0,0,0,0,0,0,0,0,0.006696252,0,0,0,0,0,0,0,0,0,0,0,0,0,0,0.000475473,0,0,0,0.019851018,0.001386798,0,0,0,0,0,0,0,0,0,0,0,0,0,0,0,0.006735874,0,0,0.001783026,0,0,0,0,0,0,0.00099057,0.04089072,0.006696252,0,0,0,0,0,0,0.005467945,0,0,0,0,0.019494413,0,0,0.001149061,0,0,0,0
B-L-063_S34,B,Sept,Bombus.pascuorum,0,0,0,0,0,0,0,0,0,0,0,0,0,0,0,0,0,0,0,0,0.056553711,0,0,0,0,0,0.000833902,0,0,0,0,0,0,0,0,0,0,0,0,0,0,0,0,0,0,0,0,0,0,0,0,0,0.789098628,0,0,0,0,0,0,0,0,0,0,0,0,0,0,0,0,0,0,0,0,0.023349253,0,0,0,0,0,0,0,0,0,0,0,0,0,0,0,0,0,0,0,0,0,0,0,0,0,0,0,0,0,0,0,0,0,0,0,0,0,0,0,0,0,0,0,0,0,0,0,0,0,0,0,0,0,0,0,0,0,0,0,0,0,0,0,0,0,0,0,0,0,0,0,0,0.003373512,0,0,0,0,0,0,0,0,0,0,0.009855204,0.001933136,0.001250853,0,0,0.001857327,0,0,0.041543477,0,0,0,0.060988553,0.009362444,0,0,0,0,0,0,0
B-L-070_S42,B,Sept,Bombus.terrestris,0,0,0,0,0,0,0,0,0,0,0,0,0,0,0,0,0,0,0,0,0.041999091,0,0,0,0,0,0,0,0,0,0,0,0,0,0,0,0,0,0,0,0,0,0,0,0,0,0,0,0,0,0,0,0.789467157,0,0,0,0,0,0,0,0,0,0,0,0,0,0,0,0,0,0,0,0,0.014385515,0,0,0,0,0,0,0,0,0,0,0,0,0,0,0,0,0,0,0,0,0,0,0,0,0,0,0,0,0,0,0,0,0,0,0,0,0,0,0,0,0,0,0,0,0,0,0,0,0,0,0,0,0,0,0,0,0,0,0,0,0,0,0,0,0,0,0,0,0,0,0,0,0,0,0,0,0,0,0,0,0,0,0,0,0,0.001446819,0,0,0,0,0,0.150923897,0,0,0,0.000868091,0.000909429,0,0,0,0,0,0,0
B-L-072_S50,B,Sept,Bombus.pascuorum,0,0,0,0,0,0,0,0,0,0,0,0,0,0,0,0,0,0,0,0,0.011426175,0,0,0,0,0,0,0,0,0,0,0,0,0,0,0,0,0,0,0,0,0,0,0.001834478,0.052466062,0,0,0,0,0,0,0,0.034121285,0,0,0,0,0,0,0,0,0,0,0,0,0,0,0,0,0,0,0,0,0.010273075,0,0,0,0,0,0,0,0,0,0,0,0,0,0,0.000524136,0.044761256,0,0,0,0,0,0,0,0,0,0,0,0,0,0,0,0,0,0,0,0,0,0,0,0,0,0,0,0,0,0,0,0,0,0,0,0,0,0,0,0,0,0,0,0,0,0,0,0,0,0,0,0,0,0,0,0,0.000995859,0,0,0,0,0,0,0,0,0,0,0,0.001415169,0,0,0,0,0.000838618,0,0.83982389,0,0,0,0,0.001519996,0,0,0,0,0,0,0
B-L-075_S58,B,Sept,Bombus.pascuorum,0,0.002391936,0,0,0,0,0,0,0,0,0,0,0,0,0,0.010422006,0,0,0,0,0.033999658,0,0,0,0,0,0.001708526,0,0,0,0,0,0,0,0,0,0,0,0,0,0,0.010934563,0,0.002221083,0.14317444,0,0,0,0,0,0,0,0.066461644,0,0,0,0,0,0,0,0,0,0,0,0,0,0,0,0,0,0,0,0,0.289253374,0,0,0,0,0,0,0,0,0,0,0,0,0,0,0.005296429,0.140782505,0,0,0,0,0,0,0,0,0,0,0,0,0,0,0,0,0,0,0,0.001708526,0,0,0,0,0,0,0,0,0,0,0,0,0,0,0,0,0,0,0,0,0,0,0,0,0,0,0,0,0,0,0,0,0,0,0,0,0.07756706,0,0,0,0,0,0,0,0,0,0,0.003417051,0.004271314,0,0,0,0.002562788,0.003075346,0,0.198188963,0.002562788,0,0,0,0,0,0,0,0,0,0,0
B-L-102_S66,B,Sept,Bombus.terrestris,0,0,0,0,0,0,0,0,0,0,0,0,0,0,0,0,0,0,0,0,0.022440736,0,0,0,0,0,0,0,0,0,0.000448815,0,0,0,0,0,0,0,0,0,0,0,0,0,0.000489616,0,0,0,0,0,0,0,0.950793586,0,0,0,0,0,0,0,0,0,0,0,0,0,0,0,0,0,0,0,0,0.001060835,0,0,0,0,0,0,0,0,0,0,0,0,0,0,0,0,0,0,0,0,0,0,0,0,0,0,0,0,0,0,0,0,0,0,0,0,0,0,0,0,0,0,0,0,0,0,0,0,0,0,0,0,0,0,0,0,0,0,0,0,0,0,0,0,0,0,0,0,0,0,0,0,0.004488147,0,0,0,0,0,0,0,0,0,0,0,0.002529683,0,0,0,0,0,0,0.001020033,0,0,0,0.001305643,0.000489616,0,0,0.01493329,0,0,0,0
B-L-103_S74,B,Sept,Bombus.pascuorum,0,0,0,0,0,0,0,0,0,0,0,0,0,0,0,0,0,0,0,0,0.021668409,0,0,0,0,0,0,0,0,0,0,0,0,0,0,0,0,0,0,0,0,0,0,0,0,0,0,0,0,0,0,0,0.964679912,0,0,0,0,0,0,0,0,0,0,0,0,0,0,0,0,0,0,0,0,0.002672244,0,0,0,0,0,0,0,0,0,0,0,0,0,0,0,0,0,0,0,0,0,0,0,0,0,0,0,0,0,0,0,0,0,0,0,0,0,0,0,0,0,0,0,0,0,0,0,0,0,0,0,0,0,0,0,0,0,0,0,0,0,0,0,0,0,0,0,0,0,0,0,0,0.003659812,0,0,0,0,0,0,0,0,0,0,0,0,0,0,0,0,0,0,0.003136982,0,0,0,0.002265598,0.001917044,0,0,0,0,0,0,0
EM-L-007_S82,EM,Sept,Bombus.pascuorum,0,0,0,0,0,0,0,0,0,0,0,0,0,0,0,0,0,0,0,0,0.123516843,0,0,0,0,0,0,0,0,0,0,0.024094195,0,0,0,0,0,0,0,0,0,0,0,0,0.0048643,0,0,0,0,0,0,0,0.445333455,0,0,0,0,0,0,0,0,0,0,0,0,0,0,0,0,0,0,0,0,0.003864163,0,0,0,0,0,0,0,0,0,0,0,0,0,0,0,0,0,0,0,0,0,0,0,0,0,0,0,0,0,0,0,0,0,0,0,0,0,0,0,0,0,0,0,0,0,0,0,0,0,0,0,0,0,0,0,0,0,0,0,0,0,0,0,0,0.000545529,0,0,0,0,0,0,0.000863754,0.387143701,0,0,0,0.000454607,0,0,0,0,0,0,0.001772969,0,0,0,0,0.000454607,0,0,0.001682048,0,0,0,0,0.000500068,0,0,0,0,0.002954948,0.001954812,0
EM-L-009_S90,EM,Sept,Bombus.pascuorum,0,0,0,0,0,0,0,0,0,0,0,0,0,0,0,0,0,0,0,0,0.121049889,0,0,0,0,0,0,0,0,0,0,0,0,0,0,0,0,0,0,0,0,0,0,0,0,0,0,0,0,0,0,0,0.547401336,0,0,0,0,0,0,0,0,0,0,0,0,0,0,0,0,0,0,0,0,0.000900175,0,0,0,0,0,0,0,0,0,0,0,0,0,0,0,0,0,0,0,0,0,0,0,0,0,0,0,0,0,0,0,0,0,0,0,0,0,0,0,0,0,0,0,0,0,0,0,0,0,0,0,0,0,0,0,0,0,0,0,0,0,0,0,0,0,0,0,0,0,0,0,0,0.322404889,0,0,0,0,0,0,0,0,0,0,0,0.00080542,0,0,0,0.001705595,0,0,0.001516085,0,0,0,0.001942484,0.000663287,0,0,0,0,0,0.00161084,0
EM-L-014_S3,EM,Sept,Bombus.pascuorum,0,0,0,0,0,0,0,0,0,0,0,0,0,0,0,0,0,0,0,0,0.001940601,0,0,0,0,0,0,0,0,0,0,0,0,0,0,0,0,0,0,0,0,0,0,0,0,0,0,0,0,0,0,0,0.008268647,0.001096861,0,0,0,0,0,0,0,0,0,0,0,0,0,0,0,0,0,0,0,0.158538643,0,0,0,0,0,0,0,0,0.009703004,0,0,0,0,0,0.001856227,0,0,0,0,0,0,0,0,0,0,0,0,0,0,0,0,0,0,0,0,0,0,0,0,0,0,0,0,0,0,0,0,0,0,0,0,0,0,0,0,0,0,0,0,0,0,0,0,0,0,0,0,0,0,0,0.001349983,0.001940601,0.505315559,0,0,0,0,0,0,0,0,0.009449882,0,0,0,0,0,0,0.15119811,0,0,0,0,0,0,0,0.147401282,0,0,0,0,0.001940601,0,0
EM-L-015_S11,EM,Sept,Bombus.pascuorum,0,0,0,0,0,0,0,0,0,0,0,0,0,0,0,0,0,0,0,0,0.05164667,0,0,0,0,0,0,0,0,0,0,0,0,0,0,0,0.000839382,0,0,0,0,0,0,0,0,0,0,0,0,0,0,0,0.847627512,0,0,0,0,0,0,0,0,0,0,0,0,0,0,0,0,0,0,0,0,0.003258776,0,0,0,0,0,0,0,0,0,0,0,0,0,0,0,0,0,0,0,0,0,0,0,0,0,0,0,0,0,0,0,0,0,0,0,0,0,0,0,0,0,0,0,0,0,0,0,0,0,0,0,0,0,0,0,0,0,0,0,0,0,0,0,0,0,0,0,0,0,0,0,0,0.075593739,0,0,0,0,0,0,0,0,0,0,0,0.001382511,0,0,0,0.003357527,0,0,0.000888757,0,0,0,0,0.010270083,0,0,0,0,0,0.005135042,0
EM-L-018_S19,EM,Sept,Bombus.pascuorum,0,0,0,0,0,0,0,0,0,0,0,0,0,0,0,0,0,0,0,0,0.015414423,0,0,0,0,0,0,0,0,0,0,0,0,0,0,0,0,0,0,0,0,0,0,0,0,0,0,0,0,0,0,0,0.978003818,0,0,0,0,0,0,0,0,0,0,0,0,0,0,0,0,0,0,0,0,0.001196683,0,0,0,0,0,0,0,0,0,0,0,0,0,0,0,0,0,0,0,0,0,0,0,0,0,0,0,0,0,0,0,0,0,0,0,0,0,0,0,0,0,0,0,0,0,0,0,0,0,0,0,0,0,0,0,0,0,0,0,0,0,0,0,0,0.001082714,0,0,0,0,0,0,0,0.001282161,0,0,0,0,0,0,0,0,0.002279397,0,0,0,0,0,0,0,0,0,0.000740804,0,0,0,0,0,0,0,0,0,0,0,0
EM-L-021_S27,EM,Sept,Bombus.pascuorum,0,0,0,0,0,0,0,0,0,0,0,0,0,0,0,0,0,0,0,0,0.037254327,0,0,0,0,0,0,0,0,0,0,0,0,0,0,0,0,0,0,0,0,0,0,0,0,0,0,0,0,0,0,0,0.914579055,0,0,0,0,0,0,0,0,0,0,0,0,0,0,0,0,0,0,0,0,0,0,0,0,0,0,0,0,0,0,0,0,0,0,0,0,0,0,0,0,0,0,0,0,0,0,0,0,0,0,0,0,0,0,0,0,0,0,0,0,0,0,0,0,0,0,0,0,0,0,0,0,0,0,0,0,0,0,0,0,0,0,0,0,0,0,0,0,0,0,0,0,0,0.047403931,0,0,0,0,0,0,0,0,0,0,0,0,0,0,0,0,0,0,0.000762687,0,0,0,0,0,0,0,0,0,0,0,0
EM-L-028_S35,EM,Sept,Bombus.pascuorum,0,0,0,0,0,0,0,0,0,0,0,0,0,0,0,0,0,0,0,0,0.014506357,0,0,0,0,0,0,0,0.001877293,0,0,0,0,0,0,0,0,0,0,0,0,0,0,0,0,0,0,0,0,0,0,0,0.015189009,0,0,0,0,0,0,0,0,0,0,0,0,0,0,0,0,0,0,0,0,0.795887021,0,0,0,0,0,0,0,0,0,0,0,0,0,0,0,0,0.003157266,0,0,0,0,0,0,0,0,0,0,0,0,0,0,0,0,0,0,0,0,0,0,0,0,0,0,0,0,0,0,0,0,0,0,0,0,0,0,0,0,0,0,0,0,0,0,0,0,0.020394232,0,0,0,0,0,0,0.03216998,0,0,0,0,0,0,0,0,0.009983787,0,0,0,0,0,0,0,0,0,0.000938647,0,0,0,0.103933783,0,0,0,0,0,0,0.001962625,0
EM-L-047_S43,EM,Sept,Bombus.pascuorum,0,0,0,0,0,0,0,0,0,0,0,0,0,0,0,0,0,0,0,0,0.09062297,0,0,0,0,0,0,0,0,0,0,0,0,0,0,0,0,0,0,0,0,0,0,0,0,0,0,0,0,0,0,0,0.699405505,0,0,0,0,0,0,0.000949193,0,0,0,0,0,0,0,0,0,0,0,0,0,0.004346306,0,0,0,0,0,0,0,0,0.013688365,0,0,0,0,0,0,0,0,0,0,0,0,0,0,0,0,0,0,0,0,0,0,0,0,0,0,0,0,0,0,0,0,0,0,0,0,0,0,0,0,0,0,0,0,0,0,0,0,0,0,0,0,0,0,0,0.000999151,0,0,0,0,0,0,0,0.006344607,0,0,0,0,0,0,0,0,0,0,0,0.001598641,0,0,0,0,0,0,0.011290403,0,0,0,0.168456812,0.002298047,0,0,0,0,0,0,0
EM-L-049_S51,EM,Sept,Bombus.pascuorum,0,0,0,0,0,0,0,0.001912636,0,0,0,0,0,0,0,0,0,0,0,0,0.112537019,0,0,0,0,0,0,0,0,0,0,0,0,0,0,0,0,0,0,0,0,0,0,0,0.001419052,0,0,0,0,0,0,0,0.433798124,0,0,0,0,0,0,0,0,0,0,0,0.001233959,0,0,0,0,0.000925469,0.000925469,0,0,0.001357354,0,0,0,0,0,0,0,0,0,0,0,0,0,0,0.002467917,0,0,0,0,0,0,0,0,0,0,0,0,0,0,0,0,0,0,0,0,0,0,0,0,0,0,0,0,0,0,0,0,0,0,0,0,0,0,0,0,0,0,0,0,0,0,0,0,0,0,0,0,0,0,0,0,0.001048865,0.216251234,0,0,0,0,0,0,0,0,0,0,0,0.042941757,0,0,0,0.181021718,0,0,0.001542448,0,0,0,0,0,0,0,0,0,0,0.000616979,0
EM-L-053_S59,EM,Sept,Bombus.pascuorum,0,0,0,0,0,0,0,0,0,0,0,0,0,0,0,0,0,0,0,0,0.088663968,0,0,0,0,0,0,0,0,0,0,0,0,0,0,0,0.007229612,0,0,0,0,0,0,0,0,0,0,0,0,0,0,0,0.562058994,0,0,0,0,0,0,0.002139965,0.002082128,0,0,0,0,0,0,0,0,0,0,0,0,0.00092539,0,0,0,0,0,0,0,0,0.002255639,0,0,0,0,0,0,0,0.001330249,0,0,0,0,0,0,0,0,0,0,0,0,0,0,0,0,0,0,0,0,0,0,0,0,0,0,0,0.000578369,0,0,0,0,0,0,0,0,0,0,0,0,0,0,0,0,0,0,0,0,0,0,0,0,0,0,0,0,0,0,0,0,0,0,0,0,0.001330249,0,0,0.00260266,0,0,0,0.001908618,0,0,0.001330249,0,0,0,0.263562753,0.001156738,0,0,0,0,0,0.060844419,0
EM-L-056_S67,EM,Sept,Bombus.pascuorum,0,0,0,0,0,0,0,0,0,0,0,0,0,0,0,0,0,0,0,0,0.001222565,0,0,0,0,0,0,0,0,0,0,0,0,0,0,0,0,0,0,0,0,0,0,0,0,0,0,0,0,0,0,0,0.001630087,0,0,0,0,0,0,0.001222565,0.003900565,0,0,0,0.13640333,0,0,0,0,0.006753217,0,0,0,0.014728998,0,0,0,0,0,0,0,0,0,0,0,0,0,0,0.002503347,0.016650172,0.027303953,0,0,0,0,0,0,0,0,0,0,0.001397217,0,0,0.001164348,0,0,0,0,0,0,0,0,0,0,0,0,0,0,0,0,0,0,0,0,0,0,0,0,0,0,0,0,0,0,0.002328695,0,0,0,0,0,0,0,0,0.001339,0.002386913,0.262443966,0,0,0,0,0,0,0,0,0,0.007451825,0.136927286,0,0,0,0,0.031088083,0,0,0.000698609,0,0,0.000815043,0.098562031,0.051231298,0,0,0,0,0.008499738,0.18134715,0
ET-L-003_S75,ET,Sept,Bombus.pascuorum,0,0,0,0,0,0,0,0,0,0,0,0,0,0,0,0,0,0,0,0,0.026570185,0,0,0,0,0,0,0,0,0,0,0,0,0,0,0,0.001809034,0,0,0,0,0,0,0,0,0,0,0,0,0,0,0,0.923624852,0,0,0,0,0,0,0,0,0,0,0,0,0,0,0,0,0,0,0,0,0,0,0,0,0,0,0,0,0,0,0,0,0,0,0,0,0,0,0,0,0,0,0,0,0,0,0,0,0,0,0,0,0,0,0,0,0,0,0,0,0,0,0,0,0,0,0,0,0,0,0,0,0,0,0,0,0,0,0,0,0,0,0,0,0,0,0,0,0,0,0,0,0,0,0,0,0,0,0,0,0,0,0,0,0,0,0,0,0,0,0,0,0.000791452,0,0,0,0,0.047204477,0,0,0,0,0,0,0
ET-L-006_S83,ET,Sept,Bombus.pascuorum,0,0,0,0,0,0,0,0.002016622,0,0,0,0,0,0,0,0,0,0,0,0,0.022763383,0,0,0,0,0,0,0,0,0,0,0,0,0,0,0,0,0,0,0,0,0,0,0,0,0,0,0,0,0,0,0,0.928715473,0,0,0,0,0,0,0,0,0,0,0,0,0,0,0,0,0,0,0,0,0,0,0,0,0,0,0,0,0,0,0,0,0,0,0,0.00125275,0.032815937,0,0,0,0,0,0,0,0,0,0,0,0,0,0,0,0,0,0,0,0,0,0,0,0,0,0,0,0,0,0,0,0,0,0,0,0,0,0,0,0,0,0,0,0,0,0,0,0,0,0,0,0,0,0,0,0,0,0,0,0,0,0,0,0,0,0,0,0,0.010846981,0,0,0,0.000549988,0,0,0.001038866,0,0,0,0,0,0,0,0,0,0,0,0
ET-L-009_S91,ET,Sept,Bombus.terrestris,0,0,0,0,0,0,0,0,0,0,0.007197121,0,0,0,0,0,0,0,0,0,0.049047048,0,0,0,0,0,0,0,0,0,0,0.450353192,0,0,0,0,0,0,0,0,0,0.003198721,0,0,0,0,0,0,0,0,0,0,0.155804345,0,0,0,0,0,0,0,0,0,0,0,0,0,0,0,0,0,0,0,0,0.016126883,0,0,0,0,0,0,0,0,0,0,0,0,0,0,0,0.019059043,0,0,0,0,0,0,0,0,0,0,0,0,0,0,0,0,0,0,0,0,0,0,0,0,0,0,0,0,0,0,0,0,0,0,0,0,0,0,0,0,0,0,0,0,0,0,0,0.004531521,0,0,0,0,0,0,0,0.00159936,0.263761162,0,0,0,0,0,0,0,0,0,0,0,0,0,0,0,0,0,0,0,0,0,0,0.007330401,0.004131681,0,0,0.007730241,0,0.007463681,0.0026656,0
ET-L-010_S4,ET,Sept,Bombus.terrestris,0,0,0,0,0,0,0,0,0,0,0,0,0,0,0,0,0,0,0,0,0.032906934,0,0,0,0,0,0,0,0,0,0.004727475,0,0,0,0,0,0,0,0,0,0,0,0,0,0,0,0,0,0,0,0,0,0.92352614,0,0,0,0,0,0,0,0,0,0,0,0,0,0,0,0,0,0,0,0,0,0,0,0,0,0,0,0,0,0,0,0,0,0,0,0,0,0,0,0,0,0,0,0,0,0,0,0,0,0,0,0,0,0,0,0,0,0,0,0,0,0,0,0,0,0,0,0,0,0,0,0,0,0,0,0,0,0,0,0,0,0,0,0,0,0,0.001853912,0,0,0,0,0,0,0.005654431,0,0,0,0,0,0,0,0,0,0,0,0.001668521,0,0,0,0.001483129,0,0,0.015294772,0,0,0,0,0,0,0,0.006766778,0,0.006117909,0,0
ET-L-012_S12,ET,Sept,Bombus.terrestris,0,0.005568122,0,0,0,0,0,0,0,0,0,0,0,0,0,0,0,0,0,0,0.031929702,0,0,0,0,0,0,0,0,0,0,0,0,0,0,0,0,0,0,0,0,0,0,0,0,0,0,0,0,0,0,0,0.8681921,0,0,0,0,0,0,0,0,0,0.000870019,0,0.001914042,0,0,0,0,0,0,0,0,0,0,0,0,0,0,0,0,0,0,0,0,0,0,0,0,0,0,0,0,0,0,0,0,0,0,0,0,0,0,0,0,0,0,0,0,0,0,0,0,0,0,0,0,0,0,0,0,0,0,0,0,0,0,0,0,0,0,0,0,0,0,0,0,0,0,0,0,0,0,0,0,0,0.007047155,0,0,0,0,0,0,0,0,0,0,0.025143553,0.005829128,0,0,0,0.001044023,0,0,0.000957021,0,0,0,0.008961197,0.003741082,0,0,0.038802854,0,0,0,0
ET-L-016_S20,ET,Sept,Bombus.pascuorum,0,0,0,0,0,0,0,0,0,0,0,0,0,0,0,0,0,0,0,0,0.027716458,0,0,0,0,0,0,0,0,0,0,0,0,0,0,0,0,0,0,0,0,0,0,0,0,0,0,0,0,0,0,0,0.959529065,0,0,0,0,0,0,0,0,0,0,0,0,0,0,0,0,0,0,0,0,0,0,0,0,0,0,0,0,0,0,0,0,0,0,0,0,0,0,0,0,0,0,0,0,0,0,0,0,0,0,0,0,0,0,0,0,0,0,0,0,0,0,0,0,0,0,0,0,0,0,0,0,0,0,0,0,0,0,0,0,0,0,0,0,0,0,0,0,0,0,0,0,0,0.004782929,0,0,0,0,0,0,0,0,0,0,0,0.00159431,0,0,0,0,0,0,0.001962227,0,0,0,0,0,0,0,0.004415011,0,0,0,0
ET-L-018_S28,ET,Sept,Bombus.terrestris,0,0.005952381,0,0,0,0,0,0,0,0,0,0,0,0,0,0,0.001031746,0,0,0,0.093809524,0,0,0,0,0,0,0,0,0,0.000873016,0,0,0,0,0,0,0,0,0,0,0,0,0,0,0,0,0,0,0,0,0,0.372222222,0,0,0,0.001428571,0,0,0,0,0,0,0,0,0,0,0,0,0,0,0,0,0,0,0,0,0,0,0,0,0,0,0.296428571,0,0,0,0,0,0,0,0,0,0,0,0,0,0,0,0,0,0,0,0,0,0,0,0,0,0,0,0,0,0,0,0,0,0,0.002063492,0,0,0,0,0,0,0,0,0,0,0,0,0,0,0,0,0,0,0,0,0,0,0,0,0,0,0,0.011666667,0,0,0,0.002857143,0,0,0,0,0,0.000793651,0.017619048,0.02952381,0,0,0,0,0,0,0.068015873,0,0,0,0,0.081428571,0,0,0.014285714,0,0,0,0
ET-L-019_S36,ET,Sept,Bombus.terrestris,0,0.007032706,0,0,0,0,0,0,0,0,0,0,0,0,0,0,0.001101508,0,0,0,0.064184037,0,0,0,0,0,0,0,0,0,0,0,0,0,0,0,0,0,0,0,0,0,0,0,0,0,0,0,0,0,0,0,0.829054398,0,0,0,0,0,0,0,0,0,0,0,0.001355702,0.000508388,0,0,0,0,0,0,0,0,0,0,0,0,0,0,0,0,0,0,0,0,0,0,0,0,0,0,0,0,0,0,0,0,0,0,0,0,0,0,0,0,0,0,0,0,0,0,0,0,0,0,0,0,0,0,0,0,0,0,0,0,0,0,0,0,0,0,0,0,0,0,0,0,0,0,0,0,0,0,0.003685816,0,0.055880359,0,0,0,0,0,0,0,0,0,0,0,0.004448399,0,0,0,0,0,0,0.001313337,0,0,0,0,0.013091002,0,0,0.018344348,0,0,0,0
ET-L-020_S44,ET,Sept,Bombus.terrestris,0,0,0,0,0,0,0,0,0,0,0,0,0,0,0,0,0,0,0,0,0.080104795,0,0,0,0,0,0,0,0,0,0,0,0,0,0,0,0,0,0,0,0.001667196,0,0,0,0,0,0,0,0,0,0,0,0.605986027,0,0,0,0,0,0.002540489,0.001905367,0,0,0.002619879,0,0,0,0,0,0,0,0,0,0,0,0,0,0,0,0,0,0,0,0,0.022785011,0,0,0,0,0,0,0,0,0,0,0,0,0,0,0,0,0,0,0,0,0,0,0,0,0,0.003572563,0,0,0,0,0,0,0,0,0,0,0,0,0,0,0,0,0,0,0,0,0,0,0,0,0,0,0,0,0,0,0,0,0,0,0,0,0,0.005874881,0,0,0,0,0,0,0,0,0,0,0.052238806,0,0,0,0,0,0,0.001587806,0,0,0,0,0.003572563,0,0,0.215544617,0,0,0,0
ET-L-023_S52,ET,Sept,Bombus.pascuorum,0,0,0,0,0,0,0,0,0,0,0,0,0,0,0,0,0,0,0,0,0.017358747,0,0,0,0,0,0,0,0,0,0,0,0,0,0,0,0,0,0,0,0,0,0,0,0,0,0,0,0,0,0,0,0.979714091,0,0,0,0,0,0,0,0,0,0,0,0,0,0,0,0,0,0,0,0,0,0,0,0,0,0,0,0,0,0,0,0,0,0,0,0,0,0,0,0,0,0,0,0,0,0,0,0,0,0,0,0,0,0,0,0,0,0,0,0,0,0,0,0,0,0,0,0,0,0,0,0,0,0,0,0,0,0,0,0,0,0,0,0,0,0,0,0,0,0,0,0,0,0.000816882,0,0,0,0,0,0,0,0,0,0,0,0,0,0,0,0,0,0,0.002110279,0,0,0,0,0,0,0,0,0,0,0,0
ET-L-027_S60,ET,Sept,Bombus.pascuorum,0,0,0,0,0,0,0,0,0,0,0,0,0,0,0,0,0,0,0,0,0.042645669,0,0,0,0,0,0.002582677,0,0,0,0,0,0,0,0,0,0,0,0,0,0,0,0,0,0,0,0,0,0,0,0,0,0.833448819,0,0,0,0,0,0.002015748,0,0,0,0,0,0.00384252,0,0,0,0,0,0,0,0,0,0,0,0,0,0,0,0,0,0,0,0,0,0,0,0,0.00088189,0,0,0,0,0,0,0,0,0,0,0,0,0,0,0,0,0,0,0,0.004787402,0,0,0,0,0,0,0,0,0,0,0,0.000755906,0,0,0,0,0,0,0,0,0,0,0,0,0,0,0,0,0,0,0,0,0,0,0,0,0.03288189,0.001322835,0,0,0,0,0,0.002519685,0,0,0,0,0.011464567,0,0,0,0.036724409,0,0,0.001259843,0,0,0,0.000629921,0.015244094,0,0,0.006992126,0,0,0,0
ET-L-032_S68,ET,Sept,Bombus.terrestris,0,0,0,0,0,0,0,0,0,0,0.028108269,0,0.001388063,0,0,0,0,0,0,0,0.020721793,0,0,0,0,0,0.058249058,0,0,0,0.024489391,0,0,0,0,0,0,0,0,0,0,0.012095975,0,0,0,0,0,0.00391632,0,0,0,0,0.328326393,0,0,0.369968273,0,0,0,0,0,0,0,0,0,0,0,0,0,0,0,0,0,0,0,0,0,0,0.000743605,0,0,0,0,0,0,0,0,0,0,0,0,0,0,0,0,0,0,0,0,0,0,0,0,0,0,0,0,0,0,0,0,0,0,0,0,0,0,0,0,0,0,0,0,0,0,0,0,0,0,0,0,0,0,0,0,0,0,0.058645647,0,0,0,0,0,0,0,0,0.006742019,0,0,0,0,0,0,0,0,0,0,0,0.009964307,0,0,0,0,0,0,0,0,0,0,0,0,0,0,0.076640888,0,0,0,0
ET-L-033_S76,ET,Sept,Bombus.pascuorum,0,0,0,0,0,0,0,0,0,0,0,0,0.000631085,0,0,0,0,0,0,0,0.024341868,0,0,0,0,0,0,0,0,0,0,0,0,0,0,0,0,0,0,0,0,0,0,0,0,0,0,0,0,0,0,0,0.897854309,0,0,0,0,0,0,0,0,0,0,0,0,0,0,0,0,0,0,0,0,0,0,0,0,0,0,0,0,0,0,0,0,0,0,0,0,0,0,0,0,0,0,0,0,0,0,0,0,0,0,0,0,0,0,0,0,0,0,0,0,0,0,0,0,0,0,0,0,0,0,0,0,0,0,0,0,0,0,0,0,0,0,0,0,0.0062207,0.002569419,0,0,0,0,0,0,0,0,0,0,0,0,0,0,0.000676163,0,0,0,0,0.001577714,0,0,0,0,0,0,0.015371439,0,0,0,0.007032095,0.029751172,0,0,0.013974035,0,0,0,0
ET-L-034_S84,ET,Sept,Bombus.pascuorum,0,0,0,0,0,0,0,0,0,0,0,0,0,0,0,0,0,0,0,0,0.039145268,0,0,0,0,0,0,0,0,0,0,0,0,0,0,0,0,0,0,0,0,0,0,0,0,0,0,0,0,0,0,0,0.042557012,0,0,0,0,0,0,0,0,0,0,0,0,0,0,0,0,0,0,0,0,0,0,0,0,0,0,0,0,0,0,0,0,0,0,0,0.002154785,0,0,0,0,0,0,0,0,0,0,0,0,0,0,0,0,0.005207398,0,0,0,0,0,0,0,0,0,0,0,0,0,0,0,0,0,0,0,0,0,0,0,0,0,0,0,0,0.002693482,0,0,0,0,0,0,0,0,0,0.002513916,0,0.694379601,0,0,0,0,0,0,0,0,0,0,0,0,0,0,0,0,0,0,0.003411744,0,0,0,0.005027833,0.200215479,0,0,0,0,0.002693482,0,0
ET-L-036_S92,ET,Sept,Bombus.pascuorum,0,0,0,0,0,0,0,0,0,0,0,0,0,0,0,0,0,0,0,0,0.035168827,0,0,0,0,0,0.01419962,0,0,0,0,0,0,0,0,0,0,0,0,0,0,0,0,0,0,0,0,0,0,0,0,0,0.705935771,0,0,0,0,0,0,0,0,0,0,0,0.00181623,0,0,0,0,0,0,0,0,0,0,0,0,0,0,0,0,0,0,0,0,0,0,0,0,0,0,0,0,0,0,0,0,0,0,0,0,0,0,0,0,0,0,0,0,0,0,0,0,0,0,0,0,0,0,0,0,0,0,0,0,0,0,0,0,0,0,0,0,0,0,0,0,0,0,0,0,0,0,0,0,0,0,0,0,0,0,0,0,0,0,0,0,0,0.001651119,0,0,0,0,0,0,0.001403451,0,0,0,0.12276067,0.11607364,0,0,0.000990671,0,0,0,0
ET-L-040_S5,ET,Sept,Bombus.pascuorum,0,0,0,0,0,0,0,0,0,0,0,0,0,0,0,0,0,0,0,0,0.05823683,0,0,0,0,0,0.082267889,0,0,0,0,0,0,0,0,0,0,0,0,0,0,0,0,0,0.007430216,0,0,0,0,0,0,0,0.504384497,0,0,0,0,0,0,0.0012049,0,0,0,0,0,0,0,0,0,0,0,0,0,0,0,0,0,0,0,0,0,0,0,0,0,0,0,0,0,0,0,0,0,0,0,0,0,0,0,0,0,0,0,0,0.000669389,0,0,0,0,0,0,0,0,0,0,0,0,0,0,0,0,0,0,0,0,0,0,0,0,0,0,0,0,0,0,0,0,0,0,0,0,0,0,0,0,0,0.005355111,0,0,0,0,0,0,0,0,0,0,0,0.01318696,0,0,0.020751054,0.00180735,0,0,0.012383694,0,0,0,0.288171899,0,0.003146128,0,0.001004083,0,0,0,0
ET-L-043_S13,ET,Sept,Bombus.pascuorum,0,0.000636475,0,0,0,0,0,0,0,0,0,0,0,0,0,0,0,0,0,0,0.016842105,0,0,0,0,0,0,0,0,0,0,0,0,0,0,0,0,0,0,0,0,0,0,0,0,0,0,0,0,0,0,0,0.978506732,0,0,0,0,0,0,0,0,0,0,0,0,0,0,0,0,0,0,0,0,0,0,0,0,0,0,0,0,0,0,0,0,0,0,0,0,0,0,0,0,0,0,0,0,0,0,0,0,0,0,0,0,0,0,0,0,0,0,0,0,0,0,0,0,0,0,0,0,0,0,0,0,0,0,0,0,0,0,0,0,0,0,0,0,0,0,0,0,0,0,0,0,0,0,0,0,0,0,0,0,0,0,0,0,0,0,0,0,0,0,0,0,0.001958384,0,0,0,0,0.001175031,0,0,0.000881273,0,0,0,0
ET-L-045_S21,ET,Sept,Bombus.pascuorum,0,0.002814157,0,0,0,0,0,0,0,0,0,0,0,0,0,0.000865895,0.000920013,0,0,0,0.027221561,0,0,0,0,0,0,0,0,0,0,0,0,0,0,0,0,0,0,0,0,0,0,0,0,0,0,0,0,0,0,0,0.870765234,0,0,0,0,0,0,0,0,0,0,0,0,0,0,0,0,0,0,0,0,0,0,0,0,0,0,0,0,0,0,0,0,0,0,0,0,0.000757658,0,0,0,0,0,0,0,0,0,0,0,0,0,0,0,0,0,0,0,0,0,0,0,0,0,0,0,0,0,0,0,0,0,0,0,0,0,0,0,0,0,0,0,0,0,0,0,0,0,0,0,0,0,0,0,0,0.002651802,0,0,0,0,0,0,0,0,0,0,0,0.012230761,0,0,0,0,0,0,0.001244723,0,0,0,0,0.005844788,0,0.002651802,0.072031605,0,0,0,0
